Rk,Player,Tm,FantPos,Age,G,GS,Tgt,Rec,Yds,Y/R,TD,FantPt,PPR,PosRank,Year
1,Mike Evans*\EvanMi00,TAM,WR,23,16,16,173,96,1321,13.76,12,208,304.1,1,2016
2,Jordy Nelson\NelsJo00,GNB,WR,31,16,16,152,97,1257,12.96,14,208,304.7,2,2016
3,Antonio Brown*+\BrowAn04,PIT,WR,28,15,15,154,106,1284,12.11,12,207,307.3,3,2016
4,Odell Beckham*\BeckOd00,NYG,WR,24,16,16,169,101,1367,13.53,10,196,296.6,4,2016
5,T.Y. Hilton*\HiltT.00,IND,WR,27,16,16,155,91,1448,15.91,6,185,273.8,5,2016
6,Julio Jones*+\JoneJu02,ATL,WR,27,14,14,129,83,1409,16.98,6,179,259.9,6,2016
7,Davante Adams\AdamDa01,GNB,WR,24,16,15,121,75,997,13.29,12,174,246.7,7,2016
8,Brandin Cooks\CookBr00,NOR,WR,23,16,12,117,78,1173,15.04,8,168,246.3,8,2016
9,Michael Thomas\ThomMi05,NOR,WR,23,15,12,121,92,1137,12.36,9,164,255.7,9,2016
10,Doug Baldwin*\BaldDo00,SEA,WR,28,16,15,125,94,1128,12,7,162,253.6,10,2016
11,Michael Crabtree\CrabMi00,OAK,WR,29,16,16,145,89,1003,11.27,8,152,239.3,11,2016
12,Amari Cooper*\CoopAm00,OAK,WR,22,16,14,132,83,1153,13.89,5,151,232.3,12,2016
13,Rishard Matthews\MattRi00,TEN,WR,27,16,10,108,65,945,14.54,9,149,211.5,13,2016
14,Tyrell Williams\WillTy00,SDG,WR,24,16,12,119,69,1059,15.35,7,148,216.9,14,2016
15,Bilal Powell\PoweBi00,NYJ,WR,28,16,4,74,58,388,6.69,5,139,197,15,2016
16,Terrelle Pryor\PryoTe00,CLE,WR,27,16,15,140,77,1007,13.08,5,138,213.4,16,2016
17,Tyreek Hill*+\HillTy00,KAN,WR,22,16,1,83,61,593,9.72,12,138,217,17,2016
18,Jarvis Landry*\LandJa00,MIA,WR,24,16,16,131,94,1136,12.09,4,137,231.3,18,2016
19,Larry Fitzgerald*\FitzLa00,ARI,WR,33,16,16,150,107,1023,9.56,6,137,243.8,19,2016
20,Demaryius Thomas*\ThomDe03,DEN,WR,29,16,16,144,90,1083,12.03,5,136,226.3,20,2016
21,Kelvin Benjamin\BenjKe00,CAR,WR,25,16,13,118,63,941,14.94,7,134,197.1,21,2016
22,Dez Bryant*\BryaDe01,DAL,WR,28,13,13,96,50,796,15.92,8,134,180,22,2016
23,Emmanuel Sanders*\SandEm00,DEN,WR,29,16,16,137,79,1032,13.06,5,134,212.6,23,2016
24,Julian Edelman\EdelJu00,NWE,WR,30,16,13,159,98,1106,11.29,3,132,230.3,24,2016
25,Golden Tate\TateGo00,DET,WR,28,16,16,135,91,1077,11.84,4,132,223.1,25,2016
26,Mike Wallace\WallMi00,BAL,WR,30,16,16,116,72,1017,14.13,4,131,202.8,26,2016
27,Kenny Britt\BritKe00,LAR,WR,28,15,15,111,68,1002,14.74,5,128,196.2,27,2016
28,Kenny Stills\StilKe00,MIA,WR,24,16,16,81,42,726,17.29,9,127,168.6,28,2016
29,Allen Robinson\RobiAl02,JAX,WR,23,16,16,151,73,883,12.1,6,126,199.3,29,2016
30,Adam Thielen\ThieAd00,MIN,WR,26,16,10,92,69,967,14.01,5,126,195.2,30,2016
31,Jamison Crowder\CrowJa00,WAS,WR,23,16,9,99,67,847,12.64,8,125,197.5,32,2016
32,DeSean Jackson\JackDe00,WAS,WR,30,15,15,100,56,1005,17.95,4,125,180.5,31,2016
33,Pierre Garcon\GarcPi00,WAS,WR,30,16,16,114,79,1041,13.18,3,122,201.1,33,2016
34,Brandon LaFell\LaFeBr00,CIN,WR,30,16,14,107,64,862,13.47,6,122,186,34,2016
35,A.J. Green*\GreeA.00,CIN,WR,28,10,10,100,66,964,14.61,4,120,186.4,35,2016
36,Willie Snead\SneaWi00,NOR,WR,24,15,4,104,72,895,12.43,4,120,191.5,36,2016
37,DeAndre Hopkins\HopkDe00,HOU,WR,24,16,16,151,78,954,12.23,4,119,197.4,38,2016
38,Sterling Shepard\ShepSt00,NYG,WR,23,16,16,105,65,683,10.51,8,119,184.4,37,2016
39,Marvin Jones\JoneMa02,DET,WR,26,15,15,103,55,930,16.91,4,117,172.3,39,2016
40,Steve Smith\SmitSt01,BAL,WR,37,14,14,101,70,799,11.41,5,116,183.9,40,2016
41,Cole Beasley\BeasCo00,DAL,WR,27,16,6,98,75,833,11.11,5,114,189,41,2016
42,Cameron Meredith\MereCa00,CHI,WR,24,14,10,97,66,888,13.45,4,113,179.5,42,2016
43,Quincy Enunwa\EnunQu00,NYJ,WR,24,16,13,105,58,857,14.78,4,111,168.9,43,2016
44,Stefon Diggs\DiggSt00,MIN,WR,23,13,11,112,84,903,10.75,3,109,193.3,45,2016
45,Marqise Lee\LeexMa00,JAX,WR,25,16,6,105,63,851,13.51,4,109,178.4,44,2016
46,JJ Nelson\NelsJJ00,ARI,WR,24,15,6,74,34,568,16.71,7,107,139.1,46,2016
47,Anquan Boldin\BoldAn00,DET,WR,36,16,16,95,67,584,8.72,8,106,173.4,47,2016
48,Taylor Gabriel\GabrTa00,ATL,WR,25,13,3,50,35,579,16.54,7,105,140,50,2016
49,Ted Ginn\GinnTe00,CAR,WR,31,16,8,95,54,752,13.93,4,105,159,48,2016
50,Dontrelle Inman\InmaDo00,SDG,WR,27,16,16,97,58,810,13.97,4,105,163,49,2016
51,Jordan Matthews\MattJo00,PHI,WR,24,14,13,117,73,804,11.01,3,102,171.4,52,2016
52,DeVante Parker\ParkDe01,MIA,WR,23,15,8,87,56,744,13.29,4,102,154.4,51,2016
53,Brandon Marshall\MarsBr00,NYJ,WR,32,15,15,128,59,788,13.36,3,97,155.8,53,2016
54,Alshon Jeffery\JeffAl00,CHI,WR,26,12,12,94,52,821,15.79,2,94,146.1,54,2016
55,Chris Hogan\HogaCh00,NWE,WR,29,15,14,58,38,680,17.89,4,91,128.9,55,2016
56,Mohamed Sanu\SanuMo00,ATL,WR,27,15,15,81,59,653,11.07,4,90,148.8,56,2016
57,Tavon Austin\AustTa00,LAR,WR,26,15,15,106,58,509,8.78,4,89,146.8,57,2016
58,Randall Cobb\CobbRa00,GNB,WR,26,13,10,84,60,610,10.17,4,88,148.3,58,2016
59,Travis Benjamin\BenjTr00,SDG,WR,27,14,8,75,47,677,14.4,4,85,132.4,59,2016
60,Jeremy Kerley\KerlJe00,SFO,WR,28,16,13,115,64,667,10.42,3,83,146.7,61,2016
61,Tyler Lockett\LockTy00,SEA,WR,24,15,9,66,41,597,14.56,2,83,124.1,60,2016
62,Michael Floyd\FloyMi00,2TM,WR,27,15,8,76,37,488,13.19,5,81,115.8,63,2016
63,Terrance Williams\WillTe01,DAL,WR,27,16,15,61,44,594,13.5,4,81,125.4,62,2016
64,Adam Humphries\HumpAd00,TAM,WR,23,15,4,83,55,622,11.31,2,78,133,64,2016
65,Eli Rogers\RogeEl00,PIT,WR,24,13,8,66,48,594,12.38,3,78,126,65,2016
66,Will Fuller\FullWi01,HOU,WR,22,14,13,92,47,635,13.51,3,75,128.2,66,2016
67,Brian Quick\QuicBr00,LAR,WR,27,16,8,77,41,564,13.76,3,74,115.4,67,2016
68,Seth Roberts\RobeSe00,OAK,WR,25,16,6,77,38,397,10.45,5,74,111.7,68,2016
69,Robby Anderson\AndeRo04,NYJ,WR,23,16,8,78,42,587,13.98,2,73,114.9,69,2016
70,Donte Moncrief\MoncDo00,IND,WR,23,9,7,56,30,307,10.23,7,73,102.6,70,2016
71,Tyler Boyd\BoydTy00,CIN,WR,22,16,2,81,54,603,11.17,1,70,124.1,72,2016
72,Vernon Davis\DaviVe00,WAS,WR,32,16,14,59,44,583,13.25,2,70,114.3,71,2016
73,Jeremy Maclin\MaclJe00,KAN,WR,28,12,12,76,44,536,12.18,2,68,109.5,75,2016
74,Breshad Perriman\PerrBr02,BAL,WR,23,16,1,66,33,499,15.12,3,68,101.1,73,2016
75,Robert Woods\WoodRo02,BUF,WR,24,13,10,76,51,613,12.02,1,68,118.9,74,2016
76,Phillip Dorsett\DorsPh00,IND,WR,23,15,7,59,33,528,16,2,66,98.8,76,2016
77,Allen Hurns\HurnAl01,JAX,WR,25,11,11,76,35,477,13.63,3,66,100.7,77,2016
78,John Brown\BrowJo02,ARI,WR,26,15,6,73,39,517,13.26,2,65,103.7,78,2016
79,Tajae Sharpe\SharTa00,TEN,WR,22,16,10,83,41,522,12.73,2,64,105.3,79,2016
80,Victor Cruz\CruzVi00,NYG,WR,30,15,12,72,39,586,15.03,1,63,101.6,81,2016
81,Devin Funchess\FuncDe00,CAR,WR,22,15,7,58,23,371,16.13,4,63,86.1,80,2016
82,Cordarrelle Patterson*+\PattCo00,MIN,WR,25,16,8,70,52,453,8.71,3,62,119.6,82,2016
83,Marquise Goodwin\GoodMa00,BUF,WR,26,15,9,68,29,431,14.86,3,61,90.1,84,2016
84,Kendall Wright\WrigKe01,TEN,WR,27,11,4,42,29,416,14.34,3,61,90.1,83,2016
85,Corey Coleman\ColeCo00,CLE,WR,22,10,10,73,33,413,12.52,3,60,93.3,85,2016
86,Sammie Coates\CoatSa00,PIT,WR,23,14,5,49,21,435,20.71,2,57,77.9,87,2016
87,Jermaine Kearse\KearJe01,SEA,WR,26,16,15,89,41,510,12.44,1,57,98,86,2016
88,Sammy Watkins\WatkSa00,BUF,WR,23,8,8,52,28,430,15.36,2,55,83,88,2016
89,Chris Conley\ConlCh00,KAN,WR,24,16,11,69,44,530,12.05,0,53,97,89,2016
90,Nelson Agholor\AghoNe00,PHI,WR,23,15,14,69,36,365,10.14,2,52,87.9,90,2016
91,Dorial Green-Beckham\GreeDo00,PHI,WR,23,15,7,74,36,392,10.89,2,51,87.2,91,2016
92,Albert Wilson\WilsAl02,KAN,WR,24,16,5,51,31,279,9,3,51,81.9,92,2016
93,Andrew Hawkins\HawkAn00,CLE,WR,30,16,5,54,33,324,9.82,3,50,83.4,93,2016
94,Eddie Royal\RoyaEd00,CHI,WR,30,9,1,43,33,369,11.18,3,49,87.9,94,2016
95,Danny Amendola\AmenDa00,NWE,WR,31,12,4,29,23,243,10.57,4,48,69.3,95,2016
96,Russell Shepard\ShepRu00,TAM,WR,26,14,4,40,23,341,14.83,2,47,70,96,2016
97,Brandon Coleman\ColeBr00,NOR,WR,24,16,4,38,26,281,10.81,3,46,72.1,97,2016
98,Torrey Smith\SmitTo02,SFO,WR,27,12,12,49,20,267,13.35,3,45,64.7,98,2016
99,Justin Hardy\HardJu00,ATL,WR,25,16,3,31,21,203,9.67,4,44,65.3,99,2016
100,Aldrick Robinson\RobiAl00,ATL,WR,28,16,1,32,20,323,16.15,2,44,64.3,100,2016
101,Justin Hunter\HuntJu00,2TM,WR,25,13,5,23,10,189,18.9,4,43,52.9,101,2016
102,Quinton Patton\PattQu00,SFO,WR,26,14,14,63,37,408,11.03,0,41,77.8,102,2016
103,Brice Butler\ButlBr00,DAL,WR,26,16,3,32,16,219,13.69,3,40,55.9,103,2016
104,Kamar Aiken\AikeKa00,BAL,WR,27,16,6,50,29,328,11.31,1,39,67.8,104,2016
105,Josh Bellamy\BellJo02,CHI,WR,27,16,2,38,19,282,14.84,1,38,56.9,105,2016
106,Cobi Hamilton\HamiCo00,PIT,WR,26,11,8,28,17,234,13.76,2,35,52.4,107,2016
107,Darrius Heyward-Bey\HeywDa00,PIT,WR,29,10,0,19,6,114,19,3,35,41.4,106,2016
108,Paul Richardson\RichPa01,SEA,WR,24,15,0,36,21,288,13.71,1,35,56.3,108,2016
109,Deonte Thompson\ThomDe04,CHI,WR,27,16,6,36,22,249,11.32,2,35,56.9,109,2016
110,Bryan Walters\WaltBr00,JAX,WR,29,10,3,34,24,231,9.63,2,34,57.5,110,2016
111,Geronimo Allison\AlliGe01,GNB,WR,22,10,2,22,12,202,16.83,2,32,44.2,112,2016
112,Corey Brown\BrowPh00,CAR,WR,25,16,8,53,27,276,10.22,1,32,59.2,111,2016
113,Eric Decker\DeckEr00,NYJ,WR,29,3,3,21,9,194,21.56,2,31,40.4,113,2016
114,Andre Holmes\HolmAn00,OAK,WR,28,16,2,25,14,126,9,3,31,44.6,116,2016
115,Rod Streater\StreRo00,SFO,WR,28,16,2,27,18,191,10.61,2,31,49.1,114,2016
116,Jordan Taylor\TaylJo01,DEN,WR,24,16,0,25,16,209,13.06,2,31,46.9,115,2016
117,Tanner McEvoy\McEvTa01,SEA,WR,23,14,0,11,9,140,15.56,2,28,36.7,117,2016
118,Jaron Brown\BrowJa03,ARI,WR,26,7,2,22,11,187,17,1,27,35.7,119,2016
119,Bennie Fowler\FowlBe00,DEN,WR,25,13,0,24,11,145,13.18,2,27,37.5,120,2016
120,Chester Rogers\RogeCh02,IND,WR,22,14,2,34,19,273,14.37,0,27,46.3,118,2016
121,Jeff Janis\JaniJe00,GNB,WR,25,16,1,19,11,93,8.45,2,25,36.1,121,2016
122,Jalin Marshall\MarsJa01,NYJ,WR,21,10,1,23,14,162,11.57,2,24,38.2,122,2016
123,Charles Johnson\JohnCh08,MIN,WR,27,16,7,37,20,232,11.6,0,23,43.2,124,2016
124,Ricardo Louis\LouiRi00,CLE,WR,22,16,3,35,18,205,11.39,0,23,38.5,126,2016
125,Jordan Norwood\NorwJo00,DEN,WR,30,14,6,35,21,232,11.05,1,23,44.2,123,2016
126,Andre Roberts\RobeAn00,DET,WR,28,16,1,25,14,188,13.43,3,23,48.8,125,2016
127,Roger Lewis\LewiRo03,NYG,WR,23,13,1,19,7,97,13.86,2,22,28.7,128,2016
128,Marquess Wilson\WilsMa02,CHI,WR,24,3,1,16,9,160,17.78,1,22,31,127,2016
129,Harry Douglas\DougHa00,TEN,WR,32,11,2,22,15,210,14,0,21,36,130,2016
130,Vincent Jackson\JackVi00,TAM,WR,33,5,5,32,15,173,11.53,0,21,32.3,129,2016
131,Andre Johnson\JohnAn02,TEN,WR,35,8,4,22,9,85,9.44,2,21,29.5,131,2016
132,Cody Core\CoreCo00,CIN,WR,22,8,4,27,17,200,11.76,0,20,37,133,2016
133,Freddie Martino\MartFr00,TAM,WR,25,13,0,11,8,142,17.75,1,20,28.2,132,2016
134,Kevin White\WhitKe00,CHI,WR,24,4,4,36,19,187,9.84,0,20,38.6,134,2016
135,Josh Huff\HuffJo00,2TM,WR,25,10,2,23,16,113,7.06,2,19,40.8,135,2016
136,Charone Peake\PeakCh00,NYJ,WR,24,15,1,35,19,186,9.79,1,19,37.6,136,2016
137,Arrelious Benn\BennAr00,JAX,WR,28,15,0,10,5,116,23.2,1,18,22.6,138,2016
138,Daniel Brown\BrowDa04,2TM,WR,24,8,3,20,16,124,7.75,1,18,34.4,137,2016
139,Brandon Tate\TateBr00,BUF,WR,29,15,1,12,8,117,14.63,0,17,24.5,139,2016
140,Braxton Miller\MillBr03,HOU,WR,24,10,6,28,15,99,6.6,1,16,30.9,140,2016
141,Tyler Higbee\HigbTy00,LAR,WR,23,16,7,29,11,85,7.73,1,15,25.5,143,2016
142,Greg Salas\SalaGr00,BUF,WR,28,2,1,6,4,89,22.25,1,15,18.9,142,2016
143,Cecil Shorts\ShorCe00,TAM,WR,29,9,5,27,11,152,13.82,0,15,26.2,141,2016
144,Chris Harper\HarpCh01,SFO,WR,23,9,2,21,13,133,10.23,0,13,26.3,144,2016
145,Jaelen Strong\StroJa01,HOU,WR,22,8,2,24,14,131,9.36,0,13,27.1,146,2016
146,Paul Turner\TurnPa01,PHI,WR,23,4,2,14,9,126,14,0,13,21.6,148,2016
147,Markus Wheaton\WheaMa00,PIT,WR,25,3,2,9,4,51,12.75,1,13,17.1,145,2016
148,Jarius Wright\WrigJa02,MIN,WR,27,8,1,14,11,67,6.09,1,13,23.7,147,2016
149,Brittan Golden\GoldBr00,ARI,WR,28,12,1,14,8,82,10.25,1,12,20.2,149,2016
150,T.J. Jones\JoneT.00,DET,WR,24,3,0,14,5,93,18.6,0,11,14.3,150,2016
151,Lucky Whitehead\WhitLu00,DAL,WR,24,15,1,3,3,48,16,0,11,14,151,2016
152,Demarcus Ayers\AyerDe00,PIT,WR,22,2,1,13,6,53,8.83,1,10,16.1,152,2016
153,David Johnson\JohnDa05,PIT,WR,29,16,5,11,7,80,11.43,0,10,17,153,2016
154,Jeremy Ross\RossJe01,2TM,WR,28,6,1,4,4,37,9.25,1,10,13.7,155,2016
155,James Wright\WrigJa03,CIN,WR,25,13,2,19,13,106,8.15,0,10,23,154,2016
156,Leonte Carroo\CarrLe00,MIA,WR,22,14,2,6,3,29,9.67,1,9,11.9,157,2016
157,Pharoh Cooper\CoopPh00,LAR,WR,21,10,3,20,14,106,7.57,0,9,22.6,160,2016
158,Tyler Kroft\KrofTy00,CIN,WR,24,14,11,12,10,92,9.2,0,9,19.2,156,2016
159,Tommylee Lewis\LewiTo00,NOR,WR,24,12,1,11,7,76,10.86,0,9,15.7,158,2016
160,Bryce Treggs\TregBr00,PHI,WR,22,9,1,12,3,80,26.67,0,9,11.7,159,2016
161,Ryan Grant\GranRy01,WAS,WR,26,16,1,19,9,76,8.44,0,8,16.6,163,2016
162,Rashard Higgins\HiggRa00,CLE,WR,22,16,0,12,6,77,12.83,0,8,13.7,161,2016
163,Cody Latimer\LatiCo00,DEN,WR,24,12,1,15,8,76,9.5,0,8,15.6,162,2016
164,Wendall Williams\WillWe00,HOU,WR,26,3,0,7,4,75,18.75,0,8,11.5,164,2016
165,Aaron Burbridge\BurbAa00,SFO,WR,23,16,3,16,7,88,12.57,0,7,13.8,168,2016
166,Michael Campanaro\CampMi02,BAL,WR,25,3,0,1,0,0,,0,7,7.2,165,2016
167,Josh Doctson\DoctJo00,WAS,WR,24,2,0,6,2,66,33,0,7,8.6,169,2016
168,Alex Erickson\EricAl01,CIN,WR,24,16,0,8,6,71,11.83,0,7,13.1,166,2016
169,Maurice Harris\HarrMa05,WAS,WR,24,10,0,12,8,66,8.25,0,7,14.6,170,2016
170,Chris Moore\MoorCh00,BAL,WR,23,15,0,16,7,46,6.57,1,7,13.5,171,2016
171,Keith Mumphery\MumpKe00,HOU,WR,24,11,3,12,10,69,6.9,0,7,16.9,167,2016
172,Keenan Allen\AlleKe00,SDG,WR,24,1,1,7,6,63,10.5,0,6,12.3,174,2016
173,Trevor Davis\DaviTr03,GNB,WR,23,11,0,7,3,24,8,1,6,9.4,173,2016
174,Johnny Holton\HoltJo00,OAK,WR,25,15,0,3,2,34,17,0,6,7.7,176,2016
175,De'Anthony Thomas\ThomDe05,KAN,WR,23,12,0,9,7,35,5,0,6,13.4,172,2016
176,Nick Williams\WillNi02,ATL,WR,26,2,0,7,5,59,11.8,0,6,10.9,175,2016
177,Dwayne Harris*\HarrDw00,NYG,WR,29,16,1,1,1,13,13,1,5,6.3,177,2016
178,Tavarres King\KingTa00,NYG,WR,26,7,0,4,2,50,25,0,5,7,178,2016
179,Quan Bray\BrayQu00,IND,WR,23,6,0,4,3,36,12,0,4,7.3,179,2016
180,Bradley Marquez\MarqBr00,LAR,WR,24,14,0,7,3,37,12.33,0,4,6.9,180,2016
181,Dexter McCluster\McClDe00,SDG,WR,27,6,0,11,7,36,5.14,0,4,10.8,181,2016
182,Brenton Bersin\BersBr00,CAR,WR,26,10,0,6,2,17,8.5,0,2,3.7,188,2016
183,Damiere Byrd\ByrdDa00,CAR,WR,23,1,0,1,1,16,16,0,2,2.6,190,2016
184,Percy Harvin\HarvPe00,BUF,WR,28,2,1,4,2,6,3,0,2,3.7,189,2016
185,Marc Mariani\MariMa00,TEN,WR,29,16,0,0,0,0,,0,2,1.5,192,2016
186,DeAndre Smelter\SmelDe00,SFO,WR,25,2,0,1,1,23,23,0,2,3.3,183,2016
187,Devin Smith\SmitDe04,NYJ,WR,24,4,0,3,1,20,20,0,2,3,185,2016
188,Devin Street\StreDe00,IND,WR,25,5,0,6,1,20,20,0,2,3,186,2016
189,Mike Thomas\ThomMi04,LAR,WR,22,15,0,9,3,37,12.33,0,2,4.7,187,2016
190,Laquon Treadwell\TreaLa00,MIN,WR,21,9,1,3,1,15,15,0,2,2.5,191,2016
191,Griff Whalen\WhalGr00,SDG,WR,26,8,0,4,2,22,11,0,2,4.2,184,2016
192,Shane Wynn\WynnSh00,JAX,WR,24,5,0,3,1,19,19,0,2,3.4,182,2016
193,Jared Abbrederis\AbbrJa00,GNB,WR,26,5,0,2,1,8,8,0,1,1.8,196,2016
194,Jeremy Butler\ButlJe01,SDG,WR,25,4,0,2,2,11,5.5,0,1,3.1,194,2016
195,Rashad Greene\GreeRa00,JAX,WR,24,8,0,8,5,32,6.4,0,1,6.2,193,2016
196,Paul McRoberts\McRoPa00,LAR,WR,24,2,0,1,1,6,6,0,1,1.6,198,2016
197,Rashad Ross\RossRa00,WAS,WR,26,5,0,1,1,8,8,0,1,1.8,197,2016
198,Tony Washington\WashTo00,JAX,WR,24,2,0,1,1,9,9,0,1,1.9,195,2016
199,Jordan Payton\PaytJo00,CLE,WR,23,4,0,3,1,3,3,0,,1.3,199,2016
200,Jakeem Grant\GranJa00,MIA,WR,24,16,0,1,0,0,,1,-2,4.1,213,2016
201,Matthew Slater*+\SlatMa00,NWE,WR,31,13,0,1,0,0,,0,-2,-1.5,212,2016
1,DeAndre Hopkins*+\HopkDe00,HOU,WR,25,15,15,174,96,1378,14.35,13,214,309.8,1,2017
2,Antonio Brown*+\BrowAn04,PIT,WR,29,14,14,163,101,1533,15.18,9,209,310.3,2,2017
3,Keenan Allen*\AlleKe00,LAC,WR,25,16,15,159,102,1393,13.66,7,176,278.2,3,2017
4,Tyreek Hill*\HillTy00,KAN,WR,23,15,13,105,75,1183,15.77,8,170,245.2,4,2017
5,Marvin Jones\JoneMa02,DET,WR,27,16,16,107,61,1101,18.05,9,164,225.1,5,2017
6,Julio Jones*\JoneJu02,ATL,WR,28,16,16,148,88,1444,16.41,3,164,251.9,6,2017
7,Brandin Cooks\CookBr00,NWE,WR,24,16,15,114,65,1082,16.65,7,156,221.2,7,2017
8,Michael Thomas*\ThomMi05,NOR,WR,24,16,14,149,104,1245,11.97,5,155,258.5,8,2017
9,Larry Fitzgerald*\FitzLa00,ARI,WR,34,16,16,161,109,1156,10.61,6,152,261.4,9,2017
10,A.J. Green*\GreeA.00,CIN,WR,29,16,16,143,75,1078,14.37,8,152,226.8,10,2017
11,Adam Thielen*\ThieAd00,MIN,WR,27,16,16,142,91,1276,14.02,4,149,239.7,11,2017
12,Davante Adams*\AdamDa01,GNB,WR,25,14,14,117,74,885,11.96,10,149,222.5,12,2017
13,Doug Baldwin*\BaldDo00,SEA,WR,29,16,16,116,75,991,13.21,8,148,223.3,13,2017
14,Jarvis Landry*\LandJa00,MIA,WR,25,16,16,161,112,987,8.81,9,148,260,14,2017
15,JuJu Smith-Schuster\SmitJu00,PIT,WR,21,14,7,79,58,917,15.81,8,140,197.7,15,2017
16,Alshon Jeffery\JeffAl00,PHI,WR,27,16,16,120,57,789,13.84,9,139,195.9,16,2017
17,Robby Anderson\AndeRo04,NYJ,WR,24,16,15,114,63,941,14.94,7,137,200,17,2017
18,Stefon Diggs\DiggSt00,MIN,WR,24,14,14,95,64,849,13.27,8,134,198.2,18,2017
19,Golden Tate\TateGo00,DET,WR,29,16,12,120,92,1003,10.9,5,133,224.5,19,2017
20,Mike Evans\EvanMi00,TAM,WR,24,15,15,136,71,1001,14.1,5,132,203.1,20,2017
21,Devin Funchess\FuncDe00,CAR,WR,23,16,16,111,63,840,13.33,8,132,195,21,2017
22,Nelson Agholor\AghoNe00,PHI,WR,24,16,10,95,62,768,12.39,9,126,187.5,22,2017
23,Demaryius Thomas\ThomDe03,DEN,WR,30,16,16,140,83,949,11.43,5,123,205.9,23,2017
24,T.Y. Hilton*\HiltT.00,IND,WR,28,16,16,109,57,966,16.95,4,119,175.6,24,2017
25,Dez Bryant\BryaDe01,DAL,WR,29,16,16,132,69,838,12.14,6,117,186.4,25,2017
26,Kenny Stills\StilKe00,MIA,WR,25,16,16,105,58,847,14.6,6,117,174.7,26,2017
27,Cooper Kupp\KuppCo00,LAR,WR,24,15,6,94,62,869,14.02,5,115,176.9,27,2017
28,Michael Crabtree\CrabMi00,OAK,WR,30,14,14,101,58,618,10.66,8,114,171.8,28,2017
29,Marquise Goodwin\GoodMa00,SFO,WR,27,16,16,105,56,962,17.18,2,113,168.6,29,2017
30,Jermaine Kearse\KearJe01,NYJ,WR,27,16,14,102,65,810,12.46,5,111,176,30,2017
31,Amari Cooper\CoopAm00,OAK,WR,23,14,12,96,48,680,14.17,7,110,158.4,31,2017
32,Ted Ginn\GinnTe00,NOR,WR,32,15,10,70,53,787,14.85,4,107,159.6,35,2017
33,Mohamed Sanu\SanuMo00,ATL,WR,28,15,15,96,67,703,10.49,5,107,174.3,32,2017
34,Sammy Watkins\WatkSa00,LAR,WR,24,15,14,70,39,593,15.21,8,107,146.3,34,2017
35,Robert Woods\WoodRo02,LAR,WR,25,12,11,85,56,781,13.95,5,107,163.3,33,2017
36,Paul Richardson\RichPa01,SEA,WR,25,16,13,80,44,703,15.98,6,106,150.3,36,2017
37,Rishard Matthews\MattRi00,TEN,WR,28,14,11,87,53,795,15,4,103,156.2,37,2017
38,Mike Wallace\WallMi00,BAL,WR,31,15,14,92,52,748,14.38,4,99,151.2,38,2017
39,Travis Benjamin\BenjTr00,LAC,WR,28,16,3,62,34,567,16.68,5,96,130.3,39,2017
40,Tyrell Williams\WillTy00,LAC,WR,25,16,15,69,43,728,16.93,4,95,137.8,40,2017
41,Jamison Crowder\CrowJa00,WAS,WR,24,15,6,103,66,789,11.95,3,94,160.3,41,2017
42,Randall Cobb\CobbRa00,GNB,WR,27,15,14,92,66,653,9.89,4,93,159.4,42,2017
43,Marqise Lee\LeexMa00,JAX,WR,26,14,14,96,56,702,12.54,3,92,147.9,43,2017
44,Keelan Cole\ColeKe00,JAX,WR,24,16,6,83,42,748,17.81,3,91,132.8,44,2017
45,DeSean Jackson\JackDe00,TAM,WR,31,14,13,90,50,668,13.36,3,89,138.6,45,2017
46,Kelvin Benjamin\BenjKe00,2TM,WR,26,14,14,78,48,692,14.42,3,87,135.2,46,2017
47,Sterling Shepard\ShepSt00,NYG,WR,24,11,10,84,59,731,12.39,2,86,144.5,47,2017
48,Josh Doctson\DoctJo00,WAS,WR,25,16,14,78,35,502,14.34,6,85,119.8,49,2017
49,Will Fuller\FullWi01,HOU,WR,23,10,10,50,28,423,15.11,7,85,113.2,48,2017
50,Jordy Nelson\NelsJo00,GNB,WR,32,15,15,88,53,482,9.09,6,84,137.2,50,2017
51,Martavis Bryant\BryaMa00,PIT,WR,26,15,8,84,50,603,12.06,3,83,132.5,51,2017
52,Ryan Grant\GranRy01,WAS,WR,27,16,7,65,45,573,12.73,4,81,126.3,52,2017
53,Tyler Lockett\LockTy00,SEA,WR,25,16,8,71,45,555,12.33,3,79,124.3,53,2017
54,Danny Amendola\AmenDa00,NWE,WR,32,15,8,86,61,659,10.8,2,78,138.9,54,2017
55,Chris Hogan\HogaCh00,NWE,WR,30,9,7,59,34,439,12.91,5,76,109.6,55,2017
56,Albert Wilson\WilsAl02,KAN,WR,25,13,7,62,42,554,13.19,3,74,116,56,2017
57,Brandon LaFell\LaFeBr00,CIN,WR,31,16,15,89,52,548,10.54,3,73,124.8,58,2017
58,DeVante Parker\ParkDe01,MIA,WR,24,13,12,96,57,670,11.75,1,73,130,57,2017
59,Jaron Brown\BrowJa03,ARI,WR,27,16,8,69,31,477,15.39,4,72,102.7,59,2017
60,Ty Montgomery\MontTy01,GNB,WR,24,8,5,31,23,173,7.52,4,69,91.6,60,2017
61,Adam Humphries\HumpAd00,TAM,WR,24,16,3,83,61,631,10.34,1,68,128.7,61,2017
62,Emmanuel Sanders\SandEm00,DEN,WR,30,12,11,92,47,555,11.81,2,68,114.5,62,2017
63,Kenny Golladay\GollKe00,DET,WR,24,11,5,48,28,477,17.04,3,67,94.6,65,2017
64,Deonte Thompson\ThomDe04,2TM,WR,28,16,10,69,38,555,14.61,2,67,105,64,2017
65,Kendall Wright\WrigKe01,CHI,WR,28,16,4,91,59,614,10.41,1,67,126.4,63,2017
66,JJ Nelson\NelsJJ00,ARI,WR,25,16,5,61,29,508,17.52,2,65,93.5,66,2017
67,Eric Decker\DeckEr00,TEN,WR,30,16,8,83,54,563,10.43,1,62,116.3,67,2017
68,Jeremy Maclin\MaclJe00,BAL,WR,29,12,12,72,40,440,11,3,62,102,68,2017
69,Allen Hurns\HurnAl01,JAX,WR,26,10,8,56,39,484,12.41,2,60,99.4,69,2017
70,Chris Godwin\GodwCh00,TAM,WR,21,16,2,55,34,525,15.44,1,59,92.5,70,2017
71,Terrance Williams\WillTe01,DAL,WR,28,16,14,78,53,568,10.72,0,58,111.3,71,2017
72,Cole Beasley\BeasCo00,DAL,WR,28,15,4,63,36,314,8.72,4,55,91.4,72,2017
73,Cordarrelle Patterson\PattCo00,OAK,WR,26,16,2,42,31,309,9.97,2,55,86,73,2017
74,Torrey Smith\SmitTo02,PHI,WR,28,16,14,67,36,430,11.94,2,55,90.7,74,2017
75,Roger Lewis\LewiRo03,NYG,WR,24,15,8,72,36,416,11.56,2,54,89.6,75,2017
76,Bennie Fowler\FowlBe00,DEN,WR,26,16,4,56,29,350,12.07,3,53,82,76,2017
77,Trent Taylor\TaylTr02,SFO,WR,23,15,1,60,43,430,10,2,53,96,77,2017
78,Donte Moncrief\MoncDo00,IND,WR,24,12,8,47,26,391,15.04,2,51,77.1,78,2017
79,Brice Butler\ButlBr00,DAL,WR,27,13,0,23,15,317,21.13,3,50,64.7,81,2017
80,Brandon Coleman\ColeBr00,NOR,WR,25,16,6,37,23,364,15.83,3,50,73.4,79,2017
81,Pierre Garcon\GarcPi00,SFO,WR,31,8,8,67,40,500,12.5,0,50,90,80,2017
82,Odell Beckham\BeckOd00,NYG,WR,25,4,2,41,25,302,12.08,3,49,74,82,2017
83,John Brown\BrowJo02,ARI,WR,27,10,5,55,21,299,14.24,3,49,69.9,83,2017
84,Taylor Gabriel\GabrTa00,ATL,WR,26,16,4,51,33,378,11.45,1,49,81.7,84,2017
85,T.J. Jones\JoneT.00,DET,WR,25,14,6,49,30,399,13.3,1,48,77.9,85,2017
86,Seth Roberts\RobeSe00,OAK,WR,26,15,7,65,43,455,10.58,1,48,90.5,86,2017
87,Bruce Ellington\ElliBr00,HOU,WR,26,11,6,57,29,330,11.38,2,47,75.7,87,2017
88,Josh Bellamy\BellJo02,CHI,WR,28,15,7,46,24,376,15.67,1,44,68.2,88,2017
89,Zay Jones\JoneZa00,BUF,WR,22,15,10,74,27,316,11.7,2,44,70.6,89,2017
90,Corey Coleman\ColeCo00,CLE,WR,23,9,8,58,23,305,13.26,2,43,65.5,91,2017
91,Cody Latimer\LatiCo00,DEN,WR,25,11,1,31,19,287,15.11,2,43,61.7,90,2017
92,Rashard Higgins\HiggRa00,CLE,WR,23,15,4,50,27,312,11.56,2,42,68.6,94,2017
93,Tavarres King\KingTa00,NYG,WR,27,8,3,37,18,240,13.33,3,42,60.3,92,2017
94,Chris Moore\MoorCh00,BAL,WR,24,13,4,38,18,248,13.78,4,42,59.9,93,2017
95,Josh Gordon\GordJo02,CLE,WR,26,5,5,42,18,335,18.61,1,40,57.5,98,2017
96,Justin Hardy\HardJu00,ATL,WR,26,16,1,29,20,221,11.05,3,40,60.1,96,2017
97,Dontrelle Inman\InmaDo00,2TM,WR,28,12,7,44,25,343,13.72,1,40,65.3,95,2017
98,Dede Westbrook\WestDe00,JAX,WR,24,7,5,51,27,339,12.56,1,40,66.9,97,2017
99,Kenny Britt\BritKe00,2TM,WR,29,12,4,43,20,256,12.8,2,38,57.6,100,2017
100,Aldrick Robinson\RobiAl00,SFO,WR,29,16,1,48,19,260,13.68,2,38,57,99,2017
101,Corey Davis\DaviCo03,TEN,WR,22,11,9,65,34,375,11.03,0,36,69.5,103,2017
102,Johnny Holton\HoltJo00,OAK,WR,26,16,1,18,9,218,24.22,3,36,44.8,101,2017
103,Ricardo Louis\LouiRi00,CLE,WR,23,16,9,61,27,357,13.22,0,36,62.7,102,2017
104,Tyler Boyd\BoydTy00,CIN,WR,23,10,1,32,22,225,10.23,2,35,56.5,105,2017
105,Chester Rogers\RogeCh02,IND,WR,23,11,4,37,23,284,12.35,1,35,58.2,104,2017
106,Michael Campanaro\CampMi02,BAL,WR,26,13,0,27,19,173,9.11,2,34,52.5,106,2017
107,Taywan Taylor\TaylTa00,TEN,WR,22,16,4,28,16,231,14.44,1,33,49.4,107,2017
108,Jakeem Grant\GranJa00,MIA,WR,25,16,0,22,13,203,15.62,2,32,44.5,110,2017
109,Jordan Matthews\MattJo00,BUF,WR,25,10,7,36,25,282,11.28,1,32,57.2,108,2017
110,Jarius Wright\WrigJa02,MIN,WR,28,16,0,25,18,198,11,2,32,49.8,109,2017
111,Tavon Austin\AustTa00,LAR,WR,27,16,9,22,13,47,3.62,1,30,42.7,113,2017
112,Damiere Byrd\ByrdDa00,CAR,WR,24,8,3,17,10,105,10.5,3,30,39.7,114,2017
113,Andre Holmes\HolmAn00,BUF,WR,29,14,2,22,13,120,9.23,3,30,43,111,2017
114,Terrelle Pryor\PryoTe00,WAS,WR,28,9,2,37,20,240,12,1,30,50,112,2017
115,Mack Hollins\HollMa00,PHI,WR,24,16,0,22,16,226,14.13,1,29,44.6,115,2017
116,Russell Shepard\ShepRu00,CAR,WR,27,15,3,32,17,202,11.88,1,28,45.1,116,2017
117,De'Anthony Thomas\ThomDe05,KAN,WR,24,16,2,16,14,143,10.21,2,27,40.7,117,2017
118,Kendrick Bourne\BourKe00,SFO,WR,22,11,0,34,16,257,16.06,0,26,41.7,118,2017
119,Alex Erickson\EricAl01,CIN,WR,25,16,0,16,12,180,15,1,24,35.6,120,2017
120,Jeremy Kerley\KerlJe00,NYJ,WR,29,8,2,27,22,217,9.86,1,24,45.7,119,2017
121,Geronimo Allison\AlliGe01,GNB,WR,23,15,2,39,23,253,11,0,23,46.3,121,2017
122,Jaydon Mickens\MickJa01,JAX,WR,23,10,0,11,6,77,12.83,3,22,27.7,123,2017
123,Braxton Miller\MillBr03,HOU,WR,25,11,3,29,19,162,8.53,1,22,41.3,122,2017
124,Demarcus Robinson\RobiDe01,KAN,WR,23,16,8,39,21,212,10.1,0,21,42.2,124,2017
125,Phillip Dorsett\DorsPh00,NWE,WR,24,15,2,18,12,194,16.17,0,20,32.1,125,2017
126,Laquon Treadwell\TreaLa00,MIN,WR,22,16,7,35,20,200,10,0,20,40,126,2017
127,Eli Rogers\RogeEl00,PIT,WR,25,14,4,36,18,149,8.28,1,19,36.9,127,2017
128,Chris Conley\ConlCh00,KAN,WR,25,5,5,16,11,175,15.91,0,18,28.5,130,2017
129,Louis Murphy\MurpLo00,SFO,WR,30,7,7,17,8,121,15.13,1,18,26.1,128,2017
130,Curtis Samuel\SamuCu00,CAR,WR,21,9,4,26,15,115,7.67,0,18,32.9,129,2017
131,Tommylee Lewis\LewiTo00,NOR,WR,25,15,0,14,10,116,11.6,1,17,27,131,2017
132,Josh Reynolds\ReynJo00,LAR,WR,22,16,1,24,11,104,9.45,1,16,27.4,132,2017
133,Kaelin Clay\ClayKa00,2TM,WR,25,13,2,19,6,85,14.17,1,15,21.2,134,2017
134,Brandon Marshall\MarsBr00,NYG,WR,33,5,5,33,18,154,8.56,0,15,33.4,133,2017
135,Darrius Heyward-Bey\HeywDa00,PIT,WR,30,16,0,3,2,47,23.5,1,14,15.9,138,2017
136,Tre McBride\McBrTr00,CHI,WR,25,8,3,15,8,144,18,0,14,22.4,135,2017
137,Brandon Tate\TateBr00,BUF,WR,30,13,1,14,6,81,13.5,1,14,20.1,137,2017
138,Jordan Taylor\TaylJo01,DEN,WR,25,10,2,20,13,142,10.92,0,14,27.2,136,2017
139,Kamar Aiken\AikeKa00,IND,WR,28,15,7,44,15,133,8.87,0,13,28.3,139,2017
140,Brenton Bersin\BersBr00,CAR,WR,27,8,1,14,8,128,16,0,13,20.8,141,2017
141,Pharoh Cooper*+\CoopPh00,LAR,WR,22,16,1,19,11,84,7.64,1,13,24,140,2017
142,Josh Malone\MaloJo00,CIN,WR,21,11,7,17,6,63,10.5,1,13,18.5,142,2017
143,Marvin Hall\HallMa02,ATL,WR,24,8,0,9,2,60,30,1,12,14,144,2017
144,Maurice Harris\HarrMa05,WAS,WR,25,6,0,6,4,62,15.5,1,12,16.2,143,2017
145,Hunter Sharp\SharHu01,2TM,WR,23,3,1,9,5,54,10.8,1,11,16.4,145,2017
146,ArDarius Stewart\StewAr00,NYJ,WR,24,15,2,13,6,82,13.67,0,11,16.9,146,2017
147,Freddie Martino\MartFr00,TAM,WR,26,8,0,6,5,96,19.2,0,10,14.6,149,2017
148,Travis Rudolph\RudoTr00,NYG,WR,22,7,1,21,8,101,12.63,0,10,18.1,147,2017
149,Jaelen Strong\StroJa01,2TM,WR,23,2,0,4,3,38,12.67,1,10,12.8,148,2017
150,Mike Williams\WillMi07,LAC,WR,23,10,1,23,11,95,8.64,0,10,20.5,150,2017
151,Chad Hansen\HansCh00,NYJ,WR,22,15,1,17,9,94,10.44,0,9,18.4,151,2017
152,Ryan Switzer\SwitRy00,DAL,WR,23,16,0,7,6,41,6.83,1,9,14.6,154,2017
153,Mike Thomas\ThomMi04,LAR,WR,23,8,1,7,5,93,18.6,0,9,14.3,152,2017
154,Bobo Wilson\WilsJe00,TAM,WR,22,3,1,1,1,18,18,1,9,9.6,153,2017
155,Trevor Davis\DaviTr03,GNB,WR,24,16,0,7,5,70,14,0,8,13.3,158,2017
156,Michael Floyd\FloyMi00,MIN,WR,28,11,1,17,10,78,7.8,0,8,17.8,159,2017
157,Justin Hunter\HuntJu00,PIT,WR,26,7,1,10,4,23,5.75,1,8,12.3,157,2017
158,Breshad Perriman\PerrBr02,BAL,WR,24,11,3,35,10,77,7.7,0,8,17.7,160,2017
159,Brian Quick\QuicBr00,WAS,WR,28,11,1,8,6,76,12.67,0,8,13.6,161,2017
160,Chris Thompson\ThomCh05,HOU,WR,23,13,0,6,5,84,16.8,0,8,13.4,156,2017
161,Kasen Williams\WillKa02,CLE,WR,25,7,2,18,9,84,9.33,0,8,17.4,155,2017
162,Leonte Carroo\CarrLe00,MIA,WR,23,14,0,12,7,69,9.86,0,7,13.9,167,2017
163,Sammie Coates\CoatSa00,CLE,WR,24,12,1,11,6,70,11.67,0,7,13,165,2017
164,Amara Darboh\DarbAm00,SEA,WR,23,16,0,13,8,71,8.88,0,7,15.1,164,2017
165,Brittan Golden\GoldBr00,ARI,WR,29,13,0,9,5,70,14,0,7,12,166,2017
166,Tanner McEvoy\McEvTa01,SEA,WR,24,15,0,9,5,113,22.6,0,7,12.3,162,2017
167,Willie Snead\SneaWi00,NOR,WR,25,11,7,16,8,92,11.5,0,7,15.2,163,2017
168,Bryce Treggs\TregBr00,CLE,WR,23,6,1,18,5,79,15.8,0,7,11.5,168,2017
169,Chad Williams\WillCh05,ARI,WR,23,6,1,7,3,31,10.33,0,6,9.4,169,2017
170,Markus Wheaton\WheaMa00,CHI,WR,26,11,0,17,3,51,17,0,5,8.1,170,2017
171,Jared Abbrederis\AbbrJa00,DET,WR,27,7,0,7,3,44,14.67,0,4,7.4,171,2017
172,Quan Bray\BrayQu00,IND,WR,24,9,0,4,3,39,13,0,4,6.9,173,2017
173,Michael Clark\ClarMi00,GNB,WR,22,2,0,14,4,41,10.25,0,4,8.1,172,2017
174,Tanner Gentry\GentTa00,CHI,WR,23,4,3,6,3,35,11.67,0,4,6.5,175,2017
175,Bernard Reedy\ReedBe01,2TM,WR,26,11,0,2,2,21,10.5,0,4,5.8,174,2017
176,Noah Brown\BrowNo00,DAL,WR,21,13,1,9,4,33,8.25,0,3,7.3,176,2017
177,Marcus Johnson\JohnMa07,PHI,WR,23,10,0,8,5,45,9,0,3,7.5,181,2017
178,Jordan Leslie\LeslJo00,CLE,WR,26,2,0,1,1,26,26,0,3,3.6,179,2017
179,Chris Matthews\MattCh00,BAL,WR,28,6,0,6,3,25,8.33,0,3,5.5,180,2017
180,Jojo Natson\NatsJo00,NYJ,WR,23,7,0,5,2,18,9,0,3,5.3,177,2017
181,Nick Williams\WillNi02,ATL,WR,27,1,0,4,3,30,10,0,3,6,178,2017
182,Jehu Chesson\ChesJe00,KAN,WR,24,12,1,4,2,18,9,0,2,3.8,184,2017
183,Allen Robinson\RobiAl02,JAX,WR,24,1,1,1,1,17,17,0,2,2.7,185,2017
184,Griff Whalen\WhalGr00,BAL,WR,27,2,0,6,4,23,5.75,0,2,6.3,183,2017
185,DeAndrew White\WhitDe01,HOU,WR,26,2,1,7,1,24,24,0,2,3.4,182,2017
186,Arrelious Benn\BennAr00,JAX,WR,29,9,0,2,1,12,12,0,1,2.2,188,2017
187,Harry Douglas\DougHa00,TEN,WR,33,2,0,3,1,8,8,0,1,1.8,190,2017
188,Shelton Gibson\GibsSh00,PHI,WR,22,5,0,3,2,11,5.5,0,1,3.1,189,2017
189,Cobi Hamilton\HamiCo00,HOU,WR,27,3,1,6,1,8,8,0,1,1.8,191,2017
190,Jeff Janis\JaniJe00,GNB,WR,26,16,0,5,2,12,6,0,1,3.2,187,2017
191,Larry Pinkard\PinkLa00,JAX,WR,25,4,0,1,1,5,5,0,1,1.5,193,2017
192,Darius Powe\PoweDa02,NYG,WR,23,1,1,4,2,13,6.5,0,1,3.3,186,2017
193,Eric Weems\WeemEr00,TEN,WR,32,16,0,2,1,5,5,0,1,1.5,194,2017
194,Kevin White\WhitKe00,CHI,WR,25,1,1,4,2,6,3,0,1,2.6,192,2017
195,Matt Hazel\HazeMa01,IND,WR,25,4,0,1,1,1,1,0,,1.1,197,2017
196,Max McCaffrey\McCaMa01,JAX,WR,23,5,0,1,1,4,4,0,,1.4,195,2017
197,Charone Peake\PeakCh00,NYJ,WR,25,3,0,1,1,3,3,0,,1.3,196,2017
198,Isaiah McKenzie\McKeIs00,DEN,WR,22,11,0,13,4,29,7.25,0,-1,3.3,206,2017
199,Kalif Raymond\RaymKa00,2TM,WR,23,8,0,1,1,12,12,0,-1,0.1,209,2017
200,Andre Roberts\RobeAn00,ATL,WR,29,16,0,4,1,12,12,0,-1,0.2,207,2017
201,John Ross\RossJo00,CIN,WR,23,3,1,2,0,0,,0,-1,-0.8,208,2017
1,Tyreek Hill*+\HillTy00,KAN,WR,24,16,16,137,87,1479,17,14,247,334,1,2018
2,Antonio Brown*\BrowAn04,PIT,WR,30,15,15,168,104,1297,12.47,15,220,323.7,2,2018
3,Davante Adams*\AdamDa01,GNB,WR,26,15,15,169,111,1386,12.49,13,219,329.6,3,2018
4,DeAndre Hopkins*+\HopkDe00,HOU,WR,26,16,16,163,115,1572,13.67,11,219,333.5,4,2018
5,Julio Jones*\JoneJu02,ATL,WR,29,16,16,170,113,1677,14.84,8,213,325.9,5,2018
6,Mike Evans*\EvanMi00,TAM,WR,25,16,16,138,86,1524,17.72,9,198,284.4,6,2018
7,Adam Thielen*\ThieAd00,MIN,WR,28,16,16,153,113,1373,12.15,9,194,307.3,7,2018
8,Michael Thomas*+\ThomMi05,NOR,WR,25,16,16,147,125,1405,11.24,9,191,315.5,8,2018
9,JuJu Smith-Schuster*\SmitJu00,PIT,WR,22,16,13,166,111,1426,12.85,7,186,296.9,9,2018
10,Robert Woods\WoodRo02,LAR,WR,26,16,16,130,86,1219,14.17,7,180,265.6,10,2018
11,Tyler Lockett\LockTy00,SEA,WR,26,16,14,70,57,965,16.93,10,165,222.4,11,2018
12,Stefon Diggs\DiggSt00,MIN,WR,25,15,14,149,102,1021,10.01,9,164,266.3,12,2018
13,Brandin Cooks\CookBr00,LAR,WR,25,16,16,117,80,1204,15.05,6,163,243.2,13,2018
14,Keenan Allen*\AlleKe00,LAC,WR,26,16,14,136,97,1196,12.33,6,163,260.1,14,2018
15,T.Y. Hilton\HiltT.00,IND,WR,29,14,14,120,76,1270,16.71,6,163,239,15,2018
16,Odell Beckham\BeckOd00,NYG,WR,26,12,12,124,77,1052,13.66,6,153,230.3,16,2018
17,Tyler Boyd\BoydTy00,CIN,WR,24,14,14,108,76,1028,13.53,7,145,221.1,17,2018
18,Calvin Ridley\RidlCa00,ATL,WR,24,16,5,92,64,821,12.83,10,143,206.8,18,2018
19,Amari Cooper*\CoopAm00,2TM,WR,24,15,15,107,75,1005,13.4,7,141,215.5,19,2018
20,Mike Williams\WillMi07,LAC,WR,24,16,5,66,43,664,15.44,11,137,180.2,20,2018
21,Kenny Golladay\GollKe00,DET,WR,25,15,13,119,70,1063,15.19,5,137,207.1,21,2018
22,Jarvis Landry*\LandJa00,CLE,WR,26,16,14,149,81,976,12.05,5,136,217.1,22,2018
23,Julian Edelman\EdelJu00,NWE,WR,32,12,12,108,74,850,11.49,6,133,207.4,23,2018
24,Emmanuel Sanders\SandEm00,DEN,WR,31,12,12,98,71,868,12.23,5,127,198.2,24,2018
25,Chris Godwin\GodwCh00,TAM,WR,22,16,5,95,59,842,14.27,7,126,185.2,25,2018
26,Alshon Jeffery\JeffAl00,PHI,WR,28,13,13,92,65,843,12.97,6,120,185.3,26,2018
27,Corey Davis\DaviCo03,TEN,WR,23,16,16,112,65,891,13.71,4,119,183.6,27,2018
28,Larry Fitzgerald\FitzLa00,ARI,WR,35,16,16,112,69,734,10.64,6,117,185.7,28,2018
29,Sterling Shepard\ShepSt00,NYG,WR,25,16,16,107,66,872,13.21,4,117,182.5,29,2018
30,Mohamed Sanu\SanuMo00,ATL,WR,29,16,16,94,66,838,12.7,4,116,182.4,30,2018
31,Dede Westbrook\WestDe00,JAX,WR,25,16,9,101,66,717,10.86,6,114,179.5,31,2018
32,Adam Humphries\HumpAd00,TAM,WR,25,16,10,105,76,816,10.74,5,113,188.7,32,2018
33,DeSean Jackson\JackDe00,TAM,WR,32,12,10,74,41,774,18.88,5,110,151.3,33,2018
34,Zay Jones\JoneZa00,BUF,WR,23,16,15,102,56,652,11.64,7,109,165.2,34,2018
35,Golden Tate\TateGo00,2TM,WR,30,15,8,113,74,795,10.74,4,109,182.9,35,2018
36,Robby Anderson\AndeRo04,NYJ,WR,25,14,9,94,50,752,15.04,6,106,156.4,36,2018
37,A.J. Green\GreeA.00,CIN,WR,30,9,9,77,46,694,15.09,6,103,149.4,37,2018
38,John Brown\BrowJo02,BAL,WR,28,16,15,97,42,715,17.02,5,102,143.9,39,2018
39,D.J. Moore\MoorD.00,CAR,WR,21,16,10,82,55,788,14.33,2,102,157,38,2018
40,Nelson Agholor\AghoNe00,PHI,WR,25,16,16,97,64,736,11.5,4,101,165.4,40,2018
41,Josh Gordon\GordJo02,2TM,WR,27,12,12,71,41,737,17.98,4,98,138.7,44,2018
42,Allen Robinson\RobiAl02,CHI,WR,25,13,12,94,55,754,13.71,4,98,153.3,41,2018
43,Curtis Samuel\SamuCu00,CAR,WR,22,13,8,65,39,494,12.67,7,98,136.8,42,2018
44,Demaryius Thomas\ThomDe03,2TM,WR,31,15,15,89,59,677,11.47,5,98,156.7,43,2018
45,Kenny Stills\StilKe00,MIA,WR,26,15,15,64,37,553,14.95,6,97,134.4,45,2018
46,Tyrell Williams\WillTy00,LAC,WR,26,16,10,65,41,653,15.93,5,97,137.8,46,2018
47,Cooper Kupp\KuppCo00,LAR,WR,25,8,8,55,40,566,14.15,6,95,135.1,47,2018
48,Jordy Nelson\NelsJo00,OAK,WR,33,15,14,88,63,739,11.73,3,94,156.7,49,2018
49,Courtland Sutton\SuttCo00,DEN,WR,23,16,9,84,42,704,16.76,4,94,136.3,48,2018
50,Doug Baldwin\BaldDo00,SEA,WR,30,13,13,73,50,618,12.36,5,92,141.8,50,2018
51,Antonio Callaway\CallAn00,CLE,WR,21,16,11,79,43,586,13.63,5,89,132.3,51,2018
52,Anthony Miller\MillAn02,CHI,WR,24,15,4,54,33,423,12.82,7,87,120.2,52,2018
53,Cole Beasley\BeasCo00,DAL,WR,29,16,4,87,65,672,10.34,3,85,150.2,53,2018
54,Taylor Gabriel\GabrTa00,CHI,WR,27,16,11,93,67,688,10.27,2,85,151.9,54,2018
55,Donte Moncrief\MoncDo00,JAX,WR,25,16,14,89,48,668,13.92,3,83,130.8,55,2018
56,Marvin Jones\JoneMa02,DET,WR,28,9,9,62,35,508,14.51,5,81,115.8,56,2018
57,Christian Kirk\KirkCh01,ARI,WR,22,12,7,68,43,590,13.72,3,81,123.5,57,2018
58,Michael Crabtree\CrabMi00,BAL,WR,31,16,16,100,54,607,11.24,3,79,132.7,60,2018
59,Devin Funchess\FuncDe00,CAR,WR,24,14,12,79,44,549,12.48,4,79,122.9,59,2018
60,Rashard Higgins\HiggRa00,CLE,WR,24,13,1,53,39,572,14.67,4,79,118.2,58,2018
61,Dante Pettis\PettDa00,SFO,WR,23,12,7,45,27,467,17.3,5,77,103.5,61,2018
62,Cordarrelle Patterson\PattCo00,NWE,WR,27,15,5,28,21,247,11.76,5,76,96.5,62,2018
63,David Moore\MoorDa03,SEA,WR,23,16,7,53,26,445,17.12,5,75,101,64,2018
64,Sammy Watkins\WatkSa00,KAN,WR,25,10,9,55,40,519,12.98,3,75,115.1,63,2018
65,Will Fuller\FullWi01,HOU,WR,24,7,7,45,32,503,15.72,4,74,106.3,65,2018
66,Kendrick Bourne\BourKe00,SFO,WR,23,16,8,66,42,487,11.6,4,73,114.7,67,2018
67,Tre'Quan Smith\SmitTr03,NOR,WR,22,15,7,44,28,427,15.25,5,73,100.7,68,2018
68,Marquez Valdes-Scantling\ValdMa00,GNB,WR,24,16,10,73,38,581,15.29,2,73,111,66,2018
69,Robert Foster\FostRo01,BUF,WR,24,13,3,44,27,541,20.04,3,72,99.1,70,2018
70,Willie Snead\SneaWi00,BAL,WR,26,16,10,95,62,651,10.5,1,72,134.4,69,2018
71,Chris Hogan\HogaCh00,NWE,WR,31,16,7,55,35,532,15.2,3,71,106.2,71,2018
72,Josh Reynolds\ReynJo00,LAR,WR,23,16,8,53,29,402,13.86,5,71,100,72,2018
73,Albert Wilson\WilsAl02,MIA,WR,26,7,3,35,26,391,15.04,4,71,96.8,73,2018
74,Danny Amendola\AmenDa00,MIA,WR,33,15,15,79,59,575,9.75,1,68,127.4,74,2018
75,Josh Doctson\DoctJo00,WAS,WR,26,15,12,78,44,532,12.09,2,65,109.2,75,2018
76,Michael Gallup\GallMi00,DAL,WR,22,16,8,68,33,507,15.36,2,65,97.7,76,2018
77,Marquise Goodwin\GoodMa00,SFO,WR,28,11,8,43,23,395,17.17,4,64,87.4,77,2018
78,Chester Rogers\RogeCh02,IND,WR,24,16,10,72,53,485,9.15,2,64,117.1,78,2018
79,John Ross\RossJo00,CIN,WR,24,13,10,58,21,210,10,7,64,84.9,79,2018
80,Seth Roberts\RobeSe00,OAK,WR,27,15,7,64,45,494,10.98,2,62,106.9,80,2018
81,Chris Conley\ConlCh00,KAN,WR,26,16,13,52,32,334,10.44,5,59,91.4,81,2018
82,Jarius Wright\WrigJa02,CAR,WR,29,16,6,59,43,447,10.4,1,55,97.6,82,2018
83,Jamison Crowder\CrowJa00,WAS,WR,25,9,7,49,29,388,13.38,2,54,82.8,83,2018
84,Aldrick Robinson\RobiAl00,MIN,WR,30,14,0,35,17,231,13.59,5,53,70.1,84,2018
85,Demarcus Robinson\RobiDe01,KAN,WR,24,16,5,33,22,288,13.09,4,53,74.8,85,2018
86,Keelan Cole\ColeKe00,JAX,WR,25,16,11,70,38,491,12.92,1,51,89.1,87,2018
87,Jakeem Grant\GranJa00,MIA,WR,26,10,2,34,21,268,12.76,4,51,72.3,86,2018
88,Taywan Taylor\TaylTa00,TEN,WR,23,13,5,56,37,466,12.59,1,51,87.6,88,2018
89,Phillip Dorsett\DorsPh00,NWE,WR,25,16,2,42,32,290,9.06,3,50,81.9,89,2018
90,Quincy Enunwa\EnunQu00,NYJ,WR,26,11,10,68,38,449,11.82,1,49,86.9,90,2018
91,Randall Cobb\CobbRa00,GNB,WR,28,9,6,61,38,383,10.08,2,48,86.3,92,2018
92,Dontrelle Inman\InmaDo00,IND,WR,29,9,4,39,28,304,10.86,3,48,76.4,91,2018
93,Jaron Brown\BrowJa03,SEA,WR,28,16,2,19,14,166,11.86,5,47,60.6,93,2018
94,Ty Montgomery\MontTy01,2TM,WR,25,13,0,40,25,235,9.4,1,46,71.3,94,2018
95,Breshad Perriman\PerrBr02,CLE,WR,25,10,2,25,16,340,21.25,2,46,62.2,95,2018
96,Tajae Sharpe\SharTa00,TEN,WR,24,16,13,47,26,316,12.15,2,45,71.2,96,2018
97,Kelvin Benjamin\BenjKe00,2TM,WR,27,15,10,67,25,380,15.2,1,44,69,97,2018
98,Jermaine Kearse\KearJe01,NYJ,WR,28,14,9,76,37,371,10.03,1,43,80.1,98,2018
99,Geronimo Allison\AlliGe01,GNB,WR,24,5,4,30,20,303,15.15,2,42,62.3,99,2018
100,Allen Hurns\HurnAl01,DAL,WR,27,16,7,35,20,295,14.75,2,42,61.5,101,2018
101,Jordan Matthews\MattJo00,PHI,WR,26,14,3,28,20,300,15,2,42,62,100,2018
102,Zach Pascal\PascZa00,IND,WR,24,16,4,46,27,268,9.93,2,40,66.8,102,2018
103,Ryan Grant\GranRy01,IND,WR,28,14,10,52,35,334,9.54,1,39,74.4,103,2018
104,Paul Richardson\RichPa01,WAS,WR,26,7,4,35,20,262,13.1,2,39,59.1,104,2018
105,DeVante Parker\ParkDe01,MIA,WR,25,11,7,47,24,309,12.88,1,37,60.9,107,2018
106,Tim Patrick\PatrTi00,DEN,WR,25,16,4,41,23,315,13.7,1,37,60.2,105,2018
107,Terrelle Pryor\PryoTe00,2TM,WR,29,8,1,30,16,252,15.75,2,37,53.1,106,2018
108,Ted Ginn\GinnTe00,NOR,WR,33,5,3,30,17,209,12.29,2,36,52.5,110,2018
109,DaeSean Hamilton\HamiDa01,DEN,WR,23,14,5,45,30,243,8.1,2,36,66.3,108,2018
110,Laquon Treadwell\TreaLa00,MIN,WR,23,15,7,53,35,302,8.63,1,36,71.2,109,2018
111,Keke Coutee\CoutKe00,HOU,WR,21,6,2,41,28,287,10.25,1,35,62.7,111,2018
112,Pierre Garcon\GarcPi00,SFO,WR,32,8,8,46,24,286,11.92,1,35,58.6,112,2018
113,Isaiah McKenzie\McKeIs00,2TM,WR,23,8,1,30,18,179,9.94,2,35,52.5,113,2018
114,Keith Kirkwood\KirkKe00,NOR,WR,25,8,1,21,13,209,16.08,2,33,45.9,117,2018
115,Torrey Smith\SmitTo02,CAR,WR,29,11,6,31,17,190,11.18,2,33,50,116,2018
116,Equanimeous St. Brown\St.BEq00,GNB,WR,22,12,7,36,21,328,15.62,0,33,54.3,115,2018
117,Ryan Switzer\SwitRy00,PIT,WR,24,16,1,44,36,253,7.03,1,33,69.4,114,2018
118,Tavon Austin\AustTa00,DAL,WR,28,7,0,13,8,140,17.5,2,32,39.5,118,2018
119,Maurice Harris\HarrMa05,WAS,WR,26,12,7,47,28,304,10.86,0,31,59.4,119,2018
120,T.J. Jones\JoneT.00,DET,WR,26,15,3,26,19,190,10,2,31,50,120,2018
121,Russell Shepard\ShepRu00,NYG,WR,28,12,0,19,10,188,18.8,2,31,40.8,121,2018
122,Trent Taylor\TaylTr02,SFO,WR,24,14,0,41,26,215,8.27,1,30,55.5,122,2018
123,Travis Benjamin\BenjTr00,LAC,WR,29,12,3,24,12,186,15.5,1,29,40.7,123,2018
124,Bruce Ellington\ElliBr00,2TM,WR,27,7,3,42,31,224,7.23,1,29,59.6,124,2018
125,James Washington\WashJa00,PIT,WR,22,14,6,38,16,217,13.56,1,28,43.7,125,2018
126,Martavis Bryant\BryaMa00,OAK,WR,27,8,2,27,19,266,14,0,27,45.9,128,2018
127,Chris Moore\MoorCh00,BAL,WR,25,16,0,25,19,196,10.32,1,27,46.3,126,2018
128,Trent Sherfield\SherTr00,ARI,WR,22,13,2,28,19,210,11.05,1,27,46,127,2018
129,Bennie Fowler\FowlBe00,NYG,WR,27,10,5,27,16,199,12.44,1,26,41.9,130,2018
130,Brandon LaFell\LaFeBr00,OAK,WR,32,6,5,16,12,135,11.25,2,26,37.5,131,2018
131,Andre Roberts*+\RobeAn00,NYJ,WR,30,16,1,17,10,79,7.9,3,26,35.9,129,2018
132,Justin Hardy\HardJu00,ATL,WR,27,16,0,22,14,133,9.5,2,25,39.3,132,2018
133,Cody Latimer\LatiCo00,NYG,WR,26,6,2,16,11,190,17.27,1,25,36,133,2018
134,Cody Core\CoreCo00,CIN,WR,24,14,3,28,13,160,12.31,1,24,37,135,2018
135,Chad Williams\WillCh05,ARI,WR,24,10,7,46,17,171,10.06,1,24,41,134,2018
136,Richie James\JameRi00,SFO,WR,23,13,2,14,9,130,14.44,2,23,32,136,2018
137,Austin Carr\CarrAu00,NOR,WR,25,14,2,14,9,97,10.78,2,22,30.7,137,2018
138,Marcell Ateman\AtemMa00,OAK,WR,24,7,6,31,15,154,10.27,1,21,36.4,138,2018
139,Marvin Hall\HallMa02,ATL,WR,25,16,0,19,10,149,14.9,1,21,30.9,139,2018
140,Josh Bellamy\BellJo02,CHI,WR,29,16,2,25,14,117,8.36,1,20,33.7,141,2018
141,DeAndre Carter\CartDe02,2TM,WR,25,14,4,25,22,216,9.82,0,20,42.3,140,2018
142,Brandon Marshall\MarsBr00,SEA,WR,34,7,2,23,11,136,12.36,1,20,30.6,142,2018
143,Michael Floyd\FloyMi00,WAS,WR,29,13,3,24,10,100,10,1,18,28,143,2018
144,Leonte Carroo\CarrLe00,MIA,WR,24,9,0,4,2,94,47,1,17,18.8,146,2018
145,Alex Erickson\EricAl01,CIN,WR,26,16,6,29,20,167,8.35,0,17,36.9,145,2018
146,Darius Jennings\JennDa00,TEN,WR,26,16,0,15,11,101,9.18,1,17,28.1,144,2018
147,Andre Holmes\HolmAn00,2TM,WR,30,15,3,24,13,162,12.46,0,16,29.2,148,2018
148,Marcus Johnson\JohnMa07,IND,WR,24,5,0,8,6,102,17,1,16,22,150,2018
149,Jake Kumerow\KumeJa00,GNB,WR,26,5,2,11,8,103,12.88,1,16,24.3,147,2018
150,Deonte Thompson\ThomDe04,2TM,WR,29,13,6,30,17,161,9.47,0,16,33.1,149,2018
151,DJ Chark\CharDJ00,JAX,WR,22,11,0,32,14,174,12.43,0,15,29.4,152,2018
152,Cameron Meredith\MereCa00,NOR,WR,26,6,1,10,9,114,12.67,1,15,24.4,151,2018
153,Vyncint Smith\SmitVy00,HOU,WR,22,7,1,10,5,91,18.2,1,15,20.1,153,2018
154,Deontay Burnett\BurnDe00,NYJ,WR,21,5,1,15,10,143,14.3,0,14,24.3,155,2018
155,Andy Jones\JoneAn01,DET,WR,24,8,3,24,11,80,7.27,1,14,25,156,2018
156,Trey Quinn\QuinTr00,WAS,WR,23,3,2,10,9,75,8.33,1,14,22.5,157,2018
157,Damion Ratley\RatlDa00,CLE,WR,23,13,3,20,13,144,11.08,0,14,27.4,154,2018
158,Brandon Powell\PoweBr00,DET,WR,22,6,1,17,11,129,11.73,0,13,24.3,158,2018
159,Brice Butler\ButlBr00,2TM,WR,28,8,1,10,6,60,10,1,12,18,159,2018
160,Dwayne Harris\HarrDw00,OAK,WR,31,15,1,6,6,40,6.67,1,11,17.2,160,2018
161,Tommylee Lewis\LewiTo00,NOR,WR,26,7,3,3,3,60,20,1,11,14,161,2018
162,Eli Rogers\RogeEl00,PIT,WR,26,3,3,14,12,79,6.58,0,10,21.5,162,2018
163,De'Anthony Thomas\ThomDe05,KAN,WR,25,5,0,5,3,29,9.67,1,10,12.5,163,2018
164,Kevin White\WhitKe00,CHI,WR,26,9,0,8,4,92,23,0,9,13.2,164,2018
165,Cameron Batson\BatsCa00,TEN,WR,23,11,2,11,8,82,10.25,0,8,16.3,165,2018
166,Corey Coleman\ColeCo00,NYG,WR,24,8,1,8,5,71,14.2,0,8,12.6,166,2018
167,Russell Gage\GageRu00,ATL,WR,22,15,0,10,6,63,10.5,0,6,12.3,168,2018
168,JJ Nelson\NelsJJ00,ARI,WR,26,14,2,19,7,64,9.14,0,6,13.4,167,2018
169,Derrick Willies\WillDe06,CLE,WR,24,5,0,5,3,61,20.33,0,6,9.1,169,2018
170,Kamar Aiken\AikeKa00,PHI,WR,29,5,1,7,6,53,8.83,0,5,11.3,171,2018
171,Noah Brown\BrowNo00,DAL,WR,22,8,2,8,5,54,10.8,0,5,10.4,170,2018
172,Shelton Gibson\GibsSh00,PHI,WR,23,15,0,3,1,48,48,0,5,5.8,173,2018
173,Bobo Wilson\WilsJe00,TAM,WR,23,5,0,5,4,52,13,0,5,9.2,172,2018
174,Chad Beebe\BeebCh00,MIN,WR,24,3,0,4,4,39,9.75,0,4,7.9,176,2018
175,Jawill Davis\DaviJa07,NYG,WR,23,7,0,8,4,40,10,0,4,8,174,2018
176,Rashad Greene\GreeRa00,JAX,WR,26,8,1,8,6,60,10,0,4,10,175,2018
177,Auden Tate\TateAu00,CIN,WR,21,7,0,12,4,35,8.75,0,4,7.5,178,2018
178,Jalen Tolliver\TollJa00,ARI,WR,23,3,1,6,3,37,12.33,0,4,6.7,177,2018
179,Charone Peake\PeakCh00,NYJ,WR,26,13,0,3,2,25,12.5,0,3,4.5,180,2018
180,Javon Wims\WimsJa00,CHI,WR,24,4,0,5,4,32,8,0,3,7.2,179,2018
181,River Cracraft\CracRi00,DEN,WR,24,8,0,2,1,44,44,0,2,3.4,181,2018
182,Gehrig Dieter\DietGe00,KAN,WR,25,4,0,3,1,22,22,0,2,3.2,184,2018
183,KhaDarel Hodge\HodgKh00,LAR,WR,23,14,0,3,2,17,8.5,0,2,3.7,191,2018
184,Justin Hunter\HuntJu00,PIT,WR,27,5,0,13,3,21,7,0,2,5.1,185,2018
185,Rishard Matthews\MattRi00,2TM,WR,29,8,0,9,5,24,4.8,0,2,7.4,182,2018
186,Ray-Ray McCloud\McClRa00,BUF,WR,22,10,1,6,5,36,7.2,0,2,7,186,2018
187,Brian Quick\QuicBr00,WAS,WR,29,6,3,3,3,18,6,0,2,4.8,188,2018
188,Malik Turner\TurnMa00,SEA,WR,22,6,0,3,2,20,10,0,2,4,187,2018
189,Nick Williams\WillNi02,2TM,WR,28,4,0,5,2,17,8.5,0,2,3.7,190,2018
190,Terrance Williams\WillTe01,DAL,WR,29,3,2,3,2,18,9,0,2,3.8,189,2018
191,Brandon Zylstra\ZylsBr00,MIN,WR,25,16,0,2,1,23,23,0,2,3.3,183,2018
192,Victor Bolden\BoldVi00,2TM,WR,23,6,0,4,1,10,10,0,1,2,196,2018
193,Damiere Byrd\ByrdDa00,CAR,WR,25,8,0,2,1,8,8,0,1,1.8,200,2018
194,Sammie Coates\CoatSa00,HOU,WR,25,12,0,2,1,12,12,0,1,2.2,194,2018
195,Justin Hardee\HardJu01,NOR,WR,24,16,0,1,1,10,10,0,1,2,195,2018
196,Keon Hatcher\HatcKe00,OAK,WR,24,3,0,2,1,8,8,0,1,1.8,199,2018
197,Marcus Kemp\KempMa00,KAN,WR,23,16,0,2,1,7,7,0,1,1.7,203,2018
198,Jeremy Kerley\KerlJe00,BUF,WR,30,1,1,4,2,7,3.5,0,1,2.7,201,2018
199,Darvin Kidsy\KidsDa00,WAS,WR,23,2,0,2,1,8,8,0,1,1.8,198,2018
200,Allen Lazard\LazaAl00,GNB,WR,23,1,0,1,1,7,7,0,1,1.7,202,2018
201,Josh Malone\MaloJo00,CIN,WR,22,9,0,5,1,12,12,0,1,2.2,193,2018
1,Michael Thomas\ThomMi05,NOR,WR,26,14,13,159,133,1552,11.67,8,202,335.3,1,2019
2,Chris Godwin\GodwCh00,TAM,WR,23,14,14,120,86,1333,15.5,9,190,276.1,2,2019
3,Mike Evans\EvanMi00,TAM,WR,26,13,13,118,67,1157,17.27,8,166,232.7,3,2019
4,Kenny Golladay\GollKe00,DET,WR,26,14,14,100,56,1052,18.79,10,163,219.2,4,2019
5,DeAndre Hopkins\HopkDe00,HOU,WR,27,14,14,141,99,1142,11.54,7,162,261.2,5,2019
6,Amari Cooper\CoopAm00,DAL,WR,25,14,14,102,71,1073,15.11,8,155,226.3,6,2019
7,Cooper Kupp\KuppCo00,LAR,WR,26,14,12,120,83,1031,12.42,8,152,234.5,7,2019
8,Julio Jones\JoneJu02,ATL,WR,30,13,13,129,82,1150,14.02,6,151,232.7,8,2019
9,DJ Chark\CharDJ00,JAX,WR,23,13,12,106,67,956,14.27,8,148,214.6,9,2019
10,Julian Edelman\EdelJu00,NWE,WR,33,14,12,140,92,1019,11.08,6,144,236.5,10,2019
11,Allen Robinson\RobiAl02,CHI,WR,26,14,13,130,83,1023,12.33,7,144,227.3,11,2019
12,DeVante Parker\ParkDe01,MIA,WR,26,14,12,102,59,954,16.17,8,143,202.4,12,2019
13,D.J. Moore\MoorD.00,CAR,WR,22,14,14,133,86,1174,13.65,4,143,229.4,13,2019
14,Courtland Sutton\SuttCo00,DEN,WR,24,14,12,106,63,1019,16.17,6,141,204.1,14,2019
15,Tyler Lockett\LockTy00,SEA,WR,27,14,14,96,75,994,13.25,7,141,215.9,15,2019
16,Stefon Diggs\DiggSt00,MIN,WR,26,14,14,89,60,1073,17.88,5,137,197.4,16,2019
17,Keenan Allen\AlleKe00,LAC,WR,27,14,14,129,90,1046,11.62,5,137,226.7,17,2019
18,John Brown\BrowJo02,BUF,WR,29,14,14,111,71,1007,14.18,5,136,207.2,18,2019
19,Calvin Ridley\RidlCa00,ATL,WR,25,13,10,93,63,866,13.75,7,134,197,19,2019
20,Jarvis Landry\LandJa00,CLE,WR,27,14,14,123,74,1018,13.76,5,133,206.8,20,2019
21,A.J. Brown\BrowAJ00,TEN,WR,22,14,9,74,47,893,19,7,132,179.4,21,2019
22,Marvin Jones\JoneMa02,DET,WR,29,13,11,91,62,779,12.56,9,132,193.9,22,2019
23,Terry McLaurin\McLaTe00,WAS,WR,23,13,13,84,51,833,16.33,7,125,176.3,23,2019
24,Tyreek Hill\HillTy00,KAN,WR,25,10,10,79,49,727,14.84,7,117,166,25,2019
25,Darius Slayton\SlayDa01,NYG,WR,22,12,8,73,44,690,15.68,8,117,161,26,2019
26,Robert Woods\WoodRo02,LAR,WR,27,13,13,116,75,950,12.67,1,117,192,24,2019
27,Emmanuel Sanders\SandEm00,2TM,WR,32,15,14,87,60,783,13.05,5,116,175.7,27,2019
28,D.K. Metcalf\MetcDK00,SEA,WR,22,14,13,87,52,819,15.75,6,115,167,28,2019
29,Curtis Samuel\SamuCu00,CAR,WR,23,14,13,97,50,597,11.94,6,114,164.3,29,2019
30,Michael Gallup\GallMi00,DAL,WR,23,12,10,95,56,911,16.27,3,109,165.1,30,2019
31,Cole Beasley\BeasCo00,BUF,WR,30,14,10,94,60,670,11.17,6,107,167,31,2019
32,Davante Adams\AdamDa01,GNB,WR,27,10,10,98,63,788,12.51,4,105,167.8,32,2019
33,Odell Beckham\BeckOd00,CLE,WR,27,14,14,121,67,910,13.58,2,103,169.8,34,2019
34,Mike Williams\WillMi07,LAC,WR,25,13,13,81,44,912,20.73,2,103,147.4,33,2019
35,Tyler Boyd\BoydTy00,CIN,WR,25,14,13,126,76,859,11.3,3,102,178.2,35,2019
36,Jamison Crowder\CrowJa00,NYJ,WR,26,14,10,104,66,707,10.71,5,101,167.1,36,2019
37,Deebo Samuel\SamuDe00,SFO,WR,23,13,9,70,48,669,13.94,3,101,148.7,37,2019
38,Robby Anderson\AndeRo04,NYJ,WR,26,14,13,85,47,729,15.51,4,99,146.3,38,2019
39,Marquise Brown\BrowMa04,BAL,WR,22,12,9,67,43,563,13.09,7,98,141.3,39,2019
40,Chris Conley\ConlCh00,JAX,WR,27,14,12,79,42,681,16.21,4,94,136.1,40,2019
41,Christian Kirk\KirkCh01,ARI,WR,23,11,11,93,61,649,10.64,3,93,153.7,42,2019
42,Tyrell Williams\WillTy00,OAK,WR,27,12,10,60,38,569,14.97,6,93,130.9,41,2019
43,Zach Pascal\PascZa00,IND,WR,25,14,11,66,39,591,15.15,5,92,131.3,43,2019
44,Larry Fitzgerald\FitzLa00,ARI,WR,36,14,14,95,67,711,10.61,3,87,154.1,44,2019
45,Randall Cobb\CobbRa00,DAL,WR,29,13,5,70,45,674,14.98,3,85,129.5,48,2019
46,Mecole Hardman\HardMe00,KAN,WR,21,14,4,40,25,508,20.32,6,85,109.5,47,2019
47,Diontae Johnson\JohnDi01,PIT,WR,23,14,10,76,47,545,11.6,4,85,131.6,46,2019
48,James Washington\WashJa00,PIT,WR,23,13,8,69,39,694,17.79,3,85,124.4,45,2019
49,Will Fuller\FullWi01,HOU,WR,25,10,10,69,47,659,14.02,3,84,130.9,50,2019
50,Adam Thielen\ThieAd00,MIN,WR,29,9,9,44,30,418,13.93,6,84,114.2,49,2019
51,Sammy Watkins\WatkSa00,KAN,WR,26,12,11,83,49,637,13,3,83,131.9,51,2019
52,Golden Tate\TateGo00,NYG,WR,31,9,9,66,38,512,13.47,5,81,118.8,52,2019
53,Alshon Jeffery\JeffAl00,PHI,WR,29,10,10,73,43,490,11.4,4,79,122.2,53,2019
54,Anthony Miller\MillAn02,CHI,WR,25,14,5,82,50,649,12.98,2,75,124.8,55,2019
55,Dede Westbrook\WestDe00,JAX,WR,26,13,10,89,57,583,10.23,2,75,132,54,2019
56,Kenny Stills\StilKe00,HOU,WR,27,12,4,46,35,504,14.4,4,74,109.4,56,2019
57,Breshad Perriman\PerrBr02,TAM,WR,26,12,2,49,24,409,17.04,5,73,96.5,57,2019
58,Danny Amendola\AmenDa00,DET,WR,34,13,8,90,58,641,11.05,1,70,128.1,59,2019
59,T.Y. Hilton\HiltT.00,IND,WR,30,8,8,61,39,403,10.33,5,70,109.3,58,2019
60,JuJu Smith-Schuster\SmitJu00,PIT,WR,23,10,10,60,38,524,13.79,3,68,106.4,60,2019
61,Phillip Dorsett\DorsPh00,NWE,WR,26,12,4,50,28,347,12.39,5,67,94.8,62,2019
62,Sterling Shepard\ShepSt00,NYG,WR,26,8,8,67,46,461,10.02,2,67,113.3,61,2019
63,Kendrick Bourne\BourKe00,SFO,WR,24,14,0,41,28,329,11.75,5,65,92.9,63,2019
64,Corey Davis\DaviCo03,TEN,WR,24,13,9,60,36,517,14.36,2,64,99.7,64,2019
65,Brandin Cooks\CookBr00,LAR,WR,26,12,12,61,35,504,14.4,1,62,96.6,66,2019
66,Willie Snead\SneaWi00,BAL,WR,27,14,9,40,28,317,11.32,5,62,89.9,65,2019
67,Auden Tate\TateAu00,CIN,WR,22,12,10,80,40,575,14.38,1,62,101.5,67,2019
68,Taylor Gabriel\GabrTa00,CHI,WR,28,9,7,48,29,353,12.17,4,61,90.3,68,2019
69,Demarcus Robinson\RobiDe01,KAN,WR,25,14,10,51,30,412,13.73,3,59,89.2,69,2019
70,Mohamed Sanu\SanuMo00,2TM,WR,30,13,10,79,53,461,8.7,2,59,112.2,70,2019
71,Preston Williams\WillPr01,MIA,WR,22,8,7,60,32,428,13.38,3,59,90.8,71,2019
72,Marquez Valdes-Scantling\ValdMa00,GNB,WR,25,14,9,48,23,427,18.57,2,56,78.6,72,2019
73,Nelson Agholor\AghoNe00,PHI,WR,26,11,10,69,39,363,9.31,3,55,94,73,2019
74,Ted Ginn\GinnTe00,NOR,WR,34,14,9,53,29,411,14.17,2,55,83.9,74,2019
75,John Ross\RossJo00,CIN,WR,25,6,6,38,20,380,19,3,54,74,75,2019
76,Hunter Renfrow\RenfHu00,OAK,WR,24,11,2,53,36,396,11,2,52,87.6,76,2019
77,Adam Humphries\HumpAd00,TEN,WR,26,12,3,47,37,374,10.11,2,50,86.5,78,2019
78,Allen Lazard\LazaAl00,GNB,WR,24,14,1,35,26,363,13.96,2,50,76.4,77,2019
79,Demaryius Thomas\ThomDe03,NYJ,WR,32,11,10,58,36,433,12.03,1,49,85.3,79,2019
80,Allen Hurns\HurnAl01,MIA,WR,28,13,6,45,30,375,12.5,2,48,77.5,80,2019
81,Josh Gordon\GordJo02,2TM,WR,28,11,7,47,27,426,15.78,1,47,73.7,81,2019
82,Alex Erickson\EricAl01,CIN,WR,27,14,4,65,36,458,12.72,0,46,81.6,82,2019
83,Olabisi Johnson\JohnOl00,MIN,WR,22,14,5,39,27,254,9.41,3,44,71,83,2019
84,Steven Sims\SimsSt00,WAS,WR,22,14,1,38,23,165,7.17,1,43,65.7,84,2019
85,Tre'Quan Smith\SmitTr03,NOR,WR,23,9,5,18,12,165,13.75,4,41,52.5,85,2019
86,Keelan Cole\ColeKe00,JAX,WR,26,14,1,29,20,271,13.55,2,39,59.1,86,2019
87,Geronimo Allison\AlliGe01,GNB,WR,25,14,6,49,31,270,8.71,2,38,68.7,87,2019
88,David Moore\MoorDa03,SEA,WR,24,12,1,30,14,250,17.86,2,38,51.6,89,2019
89,Josh Reynolds\ReynJo00,LAR,WR,24,14,2,39,19,294,15.47,1,38,56.7,88,2019
90,Miles Boykin\BoykMi00,BAL,WR,23,14,10,19,12,190,15.83,3,37,49,91,2019
91,Russell Gage\GageRu00,ATL,WR,23,14,2,55,37,329,8.89,1,37,74.4,90,2019
92,Paul Richardson\RichPa01,WAS,WR,27,10,6,42,28,245,8.75,2,37,64.5,94,2019
93,Seth Roberts\RobeSe00,BAL,WR,28,14,0,31,19,248,13.05,2,37,55.8,92,2019
94,Tajae Sharpe\SharTa00,TEN,WR,25,13,6,27,19,247,13,2,37,55.7,93,2019
95,Marcus Johnson\JohnMa07,IND,WR,25,6,4,25,14,244,17.43,2,36,50.4,95,2019
96,Tavon Austin\AustTa00,DAL,WR,29,12,0,20,11,171,15.55,1,34,44.8,96,2019
97,Marvin Hall\HallMa02,DET,WR,26,9,0,11,7,261,37.29,1,33,39.8,98,2019
98,Jakobi Meyers\MeyeJa01,NWE,WR,23,13,1,38,23,334,14.52,0,33,56.4,97,2019
99,Jaron Brown\BrowJa03,SEA,WR,29,12,4,26,16,220,13.75,2,32,48,99,2019
100,Isaiah McKenzie\McKeIs00,BUF,WR,24,13,6,32,23,236,10.26,1,32,54.5,100,2019
101,Albert Wilson\WilsAl02,MIA,WR,27,11,3,47,31,213,6.87,1,31,61.9,101,2019
102,Keke Coutee\CoutKe00,HOU,WR,22,8,4,33,21,247,11.76,0,30,51.1,103,2019
103,Cody Latimer\LatiCo00,NYG,WR,27,13,9,32,17,244,14.35,1,30,47.4,102,2019
104,Chester Rogers\RogeCh02,IND,WR,25,12,6,28,16,179,11.19,2,30,45.7,104,2019
105,DeSean Jackson\JackDe00,PHI,WR,33,3,3,10,9,159,17.67,2,28,36.9,106,2019
106,Scott Miller\MillSc01,TAM,WR,22,10,2,26,13,200,15.38,1,28,40.6,107,2019
107,Malik Turner\TurnMa00,SEA,WR,23,14,2,19,14,222,15.86,1,28,42.2,105,2019
108,Damiere Byrd\ByrdDa00,ARI,WR,26,9,3,37,24,274,11.42,0,27,51.4,108,2019
109,Pharoh Cooper\CoopPh00,2TM,WR,24,11,1,29,22,205,9.32,1,27,48.7,112,2019
110,Jakeem Grant\GranJa00,MIA,WR,27,10,2,33,19,164,8.63,0,27,45.9,111,2019
111,Kelvin Harmon\HarmKe00,WAS,WR,23,14,7,33,22,274,12.45,0,27,49.4,109,2019
112,Jake Kumerow\KumeJa00,GNB,WR,27,12,4,18,11,212,19.27,1,27,38.2,110,2019
113,Marquise Goodwin\GoodMa00,SFO,WR,29,9,6,21,12,186,15.5,1,26,38.1,114,2019
114,Andy Isabella\IsabAn00,ARI,WR,23,13,1,13,9,189,21,1,26,35.4,113,2019
115,Trey Quinn\QuinTr00,WAS,WR,24,12,6,47,26,198,7.62,1,26,51.8,116,2019
116,Jarius Wright\WrigJa02,CAR,WR,30,14,8,48,25,267,10.68,0,26,51,115,2019
117,KeeSean Johnson\JohnKe07,ARI,WR,23,10,4,42,21,187,8.9,1,25,46,117,2019
118,Dante Pettis\PettDa00,SFO,WR,24,11,4,24,11,109,9.91,2,24,34.5,119,2019
119,Laquon Treadwell\TreaLa00,MIN,WR,24,11,0,13,9,184,20.44,1,24,33.4,118,2019
120,Bennie Fowler\FowlBe00,NYG,WR,28,8,2,36,23,193,8.39,0,23,46.3,120,2019
121,Byron Pringle\PrinBy00,KAN,WR,26,14,0,16,12,170,14.17,1,23,35,121,2019
122,Vyncint Smith\SmitVy00,NYJ,WR,23,11,2,23,11,157,14.27,0,23,33.9,122,2019
123,Cordarrelle Patterson\PattCo00,CHI,WR,28,14,4,16,10,78,7.8,0,21,31.1,123,2019
124,Parris Campbell\CampPa00,IND,WR,22,7,3,24,18,127,7.06,1,20,38.1,126,2019
125,Trevor Davis\DaviTr03,3TM,WR,26,12,4,11,8,111,13.88,0,20,28.4,125,2019
126,N'Keal Harry\HarrNK00,NWE,WR,22,5,3,14,7,55,7.86,2,20,26.7,128,2019
127,Richie James\JameRi00,SFO,WR,24,14,1,10,6,165,27.5,1,20,26.4,124,2019
128,Greg Ward\WardGr02,PHI,WR,24,5,1,28,18,140,7.78,1,20,38,127,2019
129,Javon Wims\WimsJa00,CHI,WR,25,14,4,23,12,137,11.42,1,20,31.7,129,2019
130,JJ Arcega-Whiteside\ArceJJ00,PHI,WR,23,14,4,20,8,130,16.25,1,19,27,131,2019
131,Ty Montgomery\MontTy01,NYJ,WR,26,14,2,16,12,89,7.42,0,19,30.5,132,2019
132,Kalif Raymond\RaymKa00,TEN,WR,25,7,1,10,7,138,19.71,1,19,26.3,130,2019
133,Zay Jones\JoneZa00,2TM,WR,24,13,7,40,22,181,8.23,0,18,40.4,133,2019
134,DaeSean Hamilton\HamiDa01,DEN,WR,24,14,2,40,17,167,9.82,0,17,33.7,135,2019
135,Devin Smith\SmitDe04,DAL,WR,27,4,2,9,5,113,22.6,1,17,22.3,134,2019
136,Justin Hardy\HardJu00,ATL,WR,28,14,1,22,16,155,9.69,0,16,31.5,138,2019
137,Dontrelle Inman\InmaDo00,2TM,WR,30,5,1,16,10,157,15.7,0,16,25.7,136,2019
138,Tim Patrick\PatrTi00,DEN,WR,26,6,1,23,10,156,15.6,0,16,25.6,137,2019
139,Justin Watson\WatsJu01,TAM,WR,24,14,0,12,8,89,11.13,1,15,22.9,140,2019
140,Olamide Zaccheaus\ZaccOl01,ATL,WR,22,8,0,3,1,93,93,1,15,16.3,139,2019
141,Damion Ratley\RatlDa00,CLE,WR,24,11,3,18,10,136,13.6,0,14,23.6,141,2019
142,Keelan Doss\DossKe00,OAK,WR,23,8,2,14,11,133,12.09,0,13,24.3,142,2019
143,Mack Hollins\HollMa00,2TM,WR,26,14,3,23,10,125,12.5,0,13,22.5,143,2019
144,Antonio Brown\BrowAn04,NWE,WR,31,1,0,8,4,56,14,1,12,16.1,145,2019
145,Isaiah Ford\FordIs00,MIA,WR,23,6,0,20,11,122,11.09,0,12,23.2,144,2019
146,Rashard Higgins\HiggRa00,CLE,WR,25,9,1,11,4,55,13.75,1,12,15.5,147,2019
147,Duke Williams\WillDu01,BUF,WR,26,3,2,7,6,58,9.67,1,12,17.8,146,2019
148,Deon Cain\CainDe00,2TM,WR,23,11,6,18,7,114,16.29,0,11,18.4,148,2019
149,Rico Gafford\GaffRi00,OAK,WR,23,2,1,1,1,49,49,1,11,11.9,149,2019
150,T.J. Jones\JoneT.00,NYG,WR,27,3,0,4,3,38,12.67,1,10,12.8,150,2019
151,JJ Nelson\NelsJJ00,OAK,WR,27,2,1,5,4,36,9,1,10,13.6,151,2019
152,Christian Blake\BlakCh00,ATL,WR,23,7,2,22,11,91,8.27,0,9,20.1,153,2019
153,Antonio Callaway\CallAn00,CLE,WR,22,4,2,15,8,89,11.13,0,9,16.9,154,2019
154,Robert Foster\FostRo01,BUF,WR,25,11,1,13,3,64,21.33,0,9,12.3,152,2019
155,Braxton Berrios\BerrBr00,NYJ,WR,24,14,0,11,5,104,20.8,0,8,13.4,155,2019
156,Ventell Bryant\BryaVe00,DAL,WR,23,10,0,1,1,15,15,1,8,8.5,159,2019
157,Deonte Harris\HarrDe07,NOR,WR,22,12,0,5,5,24,4.8,0,8,13.2,157,2019
158,Trent Sherfield\SherTr00,ARI,WR,23,14,1,13,4,80,20,0,8,12,158,2019
159,Damion Willis\WillDa11,CIN,WR,22,10,2,16,9,82,9.11,0,8,17.2,156,2019
160,Marcell Ateman\AtemMa00,OAK,WR,25,9,0,3,2,70,35,0,7,9,160,2019
161,Chad Beebe\BeebCh00,MIN,WR,25,3,0,2,2,70,35,0,7,9,161,2019
162,Tevin Jones\JoneTe02,PIT,WR,27,5,0,10,4,61,15.25,0,6,10.1,162,2019
163,KhaDarel Hodge\HodgKh00,CLE,WR,24,14,0,6,2,51,25.5,0,5,7.1,163,2019
164,Chris Lacy\LacyCh00,DET,WR,23,5,0,2,1,48,48,0,5,5.8,164,2019
165,Cedrick Wilson\WilsCe01,DAL,WR,24,6,0,8,5,46,9.2,0,5,9.6,165,2019
166,Geremy Davis\DaviGe00,LAC,WR,27,7,1,3,3,38,12.67,0,4,6.8,168,2019
167,Chris Hogan\HogaCh00,CAR,WR,32,5,0,8,4,37,9.25,0,4,7.7,169,2019
168,Jason Moore\MoorJa02,LAC,WR,24,8,0,4,2,43,21.5,0,4,6.3,166,2019
169,Andre Patton\PattAn00,LAC,WR,25,11,4,12,4,38,9.5,0,4,7.8,167,2019
170,Travis Benjamin\BenjTr00,LAC,WR,30,5,2,16,6,30,5,0,3,9,174,2019
171,C.J. Board\BoarC.00,JAX,WR,26,3,0,4,2,31,15.5,0,3,5.1,173,2019
172,DeAndre Carter\CartDe02,HOU,WR,26,14,2,5,3,53,17.67,0,3,6.3,171,2019
173,Cody Core\CoreCo00,NYG,WR,25,14,0,5,3,28,9.33,0,3,5.8,176,2019
174,Devin Funchess\FuncDe00,IND,WR,25,1,1,5,3,32,10.67,0,3,6.2,172,2019
175,Johnny Holton\HoltJo00,PIT,WR,28,14,3,15,3,21,7,0,3,6,175,2019
176,Jordan Matthews\MattJo00,2TM,WR,27,3,1,12,4,33,8.25,0,3,7.3,170,2019
177,Andre Roberts\RobeAn00,BUF,WR,31,12,0,7,3,20,6.67,0,3,5.7,177,2019
178,Russell Shepard\ShepRu00,NYG,WR,29,3,0,8,3,25,8.33,0,3,5.5,180,2019
179,Diontae Spencer\SpenDi00,DEN,WR,27,14,1,8,6,31,5.17,0,3,8.5,179,2019
180,Ryan Switzer\SwitRy00,PIT,WR,25,9,0,11,8,27,3.38,0,3,10.7,178,2019
181,Josh Bellamy\BellJo02,NYJ,WR,30,7,0,3,2,20,10,0,2,4,184,2019
182,Fred Brown\BrowFr01,DEN,WR,26,11,1,3,2,21,10.5,0,2,4.1,182,2019
183,Michael Crabtree\CrabMi00,ARI,WR,32,2,1,5,4,22,5.5,0,2,6.2,181,2019
184,Ashton Dulin\DuliAs00,IND,WR,22,11,0,2,2,17,8.5,0,2,3.7,188,2019
185,Darius Jennings\JennDa00,TEN,WR,27,7,0,5,2,17,8.5,0,2,3.7,189,2019
186,Marqise Lee\LeexMa00,JAX,WR,28,6,1,4,3,18,6,0,2,4.9,185,2019
187,Donte Moncrief\MoncDo00,2TM,WR,26,8,2,15,4,18,4.5,0,2,5.8,186,2019
188,Chris Moore\MoorCh00,BAL,WR,26,12,1,5,3,21,7,0,2,5.1,183,2019
189,Stanley Morgan\MorgSt02,CIN,WR,23,10,0,10,3,18,6,0,2,4.8,187,2019
190,Riley Ridley\RidlRi00,CHI,WR,23,3,0,3,3,15,5,0,2,4.5,190,2019
191,Bobo Wilson\WilsJe00,TAM,WR,24,6,1,11,3,35,11.67,0,2,4.5,191,2019
192,Austin Carr\CarrAu00,NOR,WR,26,6,3,4,1,9,9,0,1,1.9,200,2019
193,Robert Davis\DaviRo00,2TM,WR,24,4,2,2,1,11,11,0,1,2.1,198,2019
194,Ryan Grant\GranRy01,OAK,WR,29,2,1,9,4,14,3.5,0,1,5.4,193,2019
195,Dwayne Harris\HarrDw00,OAK,WR,32,3,0,1,1,7,7,0,1,1.7,202,2019
196,Cody Hollister\HollCo00,TEN,WR,26,4,0,2,2,13,6.5,0,1,3.3,195,2019
197,Gunner Olszewski\OlszGu00,NWE,WR,23,8,0,4,2,34,17,0,1,3.4,194,2019
198,Da'Mari Scott\ScotDa02,NYG,WR,24,3,1,2,1,11,11,0,1,2.1,197,2019
199,Jeff Smith\SmitJe03,NYJ,WR,22,1,0,2,1,12,12,0,1,2.2,196,2019
200,De'Anthony Thomas\ThomDe05,2TM,WR,26,12,0,2,1,6,6,0,1,2,199,2019
201,Mike Thomas\ThomMi04,LAR,WR,25,14,0,5,2,14,7,0,1,3.4,192,2019